日　　期,市　　場,產　　品,上價,中價,下價,平均價(元/公斤),增減%,交易量(公斤),增減%.1,Unnamed: 10
109/11/01,220 板橋區,LB1 小白菜 土白菜 ,32.0,29.0,24.6,28.7, +  0,886.0, - 20,0
109/11/01,514 溪湖鎮,LB1 小白菜 土白菜 ,30.0,21.4,15.0,21.9, +  7,910.0,    0,0
109/11/01,930 台東市,LB1 小白菜 土白菜 ,45.0,22.0,16.0,23.0,    0,850.0, +  4,0
109/11/01,109 台北一,LB12 小白菜 土白菜 未洗,41.5,34.8,26.2,34.4, + 11,4188.0, -  8,0
109/11/01,900 屏東市,LB1 小白菜 土白菜 ,44.8,34.1,20.5,33.5, + 52,965.0, - 60,0
109/11/01,241 三重區,LB1 小白菜 土白菜 ,38.0,32.7,30.0,33.2, + 11,200.0, - 68,0
109/11/01,104 台北二,LB12 小白菜 土白菜 未洗,47.8,37.6,25.5,37.2, + 18,1939.0, + 13,0
109/11/01,800 高雄市,LB11 小白菜 土白菜 洗,45.0,36.2,33.7,37.4, -  2,2634.0, - 33,0
109/11/01,400 台中市,LB1 小白菜 土白菜 ,33.0,31.0,30.0,30.7, + 53,126.0, - 58,0
109/11/01,830 鳳山區,LB1 小白菜 土白菜 ,45.5,24.0,16.0,26.7, + 25,1050.0, + 40,0
109/11/01,338 桃　農,LB1 小白菜 土白菜 ,22.0,22.0,22.0,22.0, + 47,20.0, - 90,0
109/11/02,648 西螺鎮,LB12 小白菜 土白菜 未洗,37.0,23.7,17.5,24.7, +  1,8798.0, + 13,0
109/11/02,514 溪湖鎮,LB1 小白菜 土白菜 ,30.0,20.9,15.1,21.5, -  2,900.0, -  1,0
109/11/03,800 高雄市,LB11 小白菜 土白菜 洗,45.0,41.2,33.9,40.5, +  8,2583.0, -  2,0
109/11/03,514 溪湖鎮,LB1 小白菜 土白菜 ,35.0,25.0,15.0,25.0, + 16,870.0, -  3,0
109/11/03,648 西螺鎮,LB12 小白菜 土白菜 未洗,35.6,24.5,17.5,25.6, +  4,7341.0, - 17,0
109/11/03,104 台北二,LB12 小白菜 土白菜 未洗,53.1,39.4,28.6,40.0, +  8,2738.0, + 41,0
109/11/03,260 宜蘭市,LB12 小白菜 土白菜 未洗,38.0,28.0,15.0,28.0, + 12,2450.0, +  8,0
109/11/03,930 台東市,LB1 小白菜 土白菜 ,45.0,20.0,10.0,20.0, - 13,1150.0, + 35,0
109/11/03,830 鳳山區,LB1 小白菜 土白菜 ,42.0,23.0,16.2,25.4, -  5,960.0, -  9,0
109/11/03,338 桃　農,LB1 小白菜 土白菜 ,32.0,31.3,30.0,31.2, + 42,100.0, +400,0
109/11/03,400 台中市,LB1 小白菜 土白菜 ,32.8,26.1,22.0,26.4, - 14,819.0, +550,0
109/11/03,900 屏東市,LB1 小白菜 土白菜 ,41.5,35.7,20.4,33.8, +  1,1019.0, +  6,0
109/11/03,109 台北一,LB12 小白菜 土白菜 未洗,41.8,33.2,25.0,33.3, -  3,6204.0, + 48,0
109/11/03,220 板橋區,LB1 小白菜 土白菜 ,56.8,34.3,27.3,37.4, + 30,2203.7, +149,0
109/11/03,241 三重區,LB1 小白菜 土白菜 ,54.3,45.5,30.7,44.3, + 33,492.0, +146,0
109/11/04,338 桃　農,LB1 小白菜 土白菜 ,25.0,25.0,25.0,25.0, - 20,60.0, - 40,0
109/11/04,930 台東市,LB1 小白菜 土白菜 ,45.0,23.0,16.0,22.0, + 10,710.0, - 38,0
109/11/04,109 台北一,LB12 小白菜 土白菜 未洗,47.0,33.9,23.0,34.4, +  3,5618.0, -  9,0
109/11/04,540 南投市,LB1 小白菜 土白菜 ,45.0,38.0,20.0,37.12,  -  ,74.0,  -  ,0
109/11/04,420 豐原區,LB1 小白菜 土白菜 ,31.0,31.0,31.0,31.0,  -  ,400.0,  -  ,0
109/11/04,900 屏東市,LB1 小白菜 土白菜 ,38.4,32.3,21.4,31.4, -  7,1423.0, + 40,0
109/11/04,400 台中市,LB1 小白菜 土白菜 ,27.3,25.4,21.0,24.1, -  9,296.0, - 64,0
109/11/04,830 鳳山區,LB1 小白菜 土白菜 ,41.7,24.7,18.1,26.8, +  6,1030.0, +  7,0
109/11/04,648 西螺鎮,LB12 小白菜 土白菜 未洗,36.7,24.8,17.5,25.8, +  1,7403.0, +  1,0
109/11/04,104 台北二,LB12 小白菜 土白菜 未洗,48.0,30.7,20.3,32.0, - 20,2540.0, -  7,0
109/11/04,220 板橋區,LB1 小白菜 土白菜 ,35.0,33.7,29.0,33.0, - 12,1347.0, - 39,0
109/11/04,800 高雄市,LB11 小白菜 土白菜 洗,45.2,41.0,32.0,40.0, -  1,2794.0, +  8,0
109/11/04,514 溪湖鎮,LB1 小白菜 土白菜 ,34.9,25.0,15.0,25.0,    0,830.0, -  5,0
109/11/04,241 三重區,LB1 小白菜 土白菜 ,43.4,35.4,29.5,35.8, - 19,730.0, + 48,0
109/11/05,109 台北一,LB12 小白菜 土白菜 未洗,42.0,34.2,24.6,33.9, -  1,5683.0, +  1,0
109/11/05,338 桃　農,LB1 小白菜 土白菜 ,38.3,27.6,20.0,28.2, + 13,300.0, +400,0
109/11/05,104 台北二,LB12 小白菜 土白菜 未洗,43.0,29.8,23.1,31.1, -  3,2349.0, -  8,0
109/11/05,241 三重區,LB1 小白菜 土白菜 ,44.7,32.6,20.4,32.6, -  9,643.0, - 12,0
109/11/05,830 鳳山區,LB1 小白菜 土白菜 ,41.1,25.1,15.1,26.3, -  2,960.0, -  7,0
109/11/05,514 溪湖鎮,LB1 小白菜 土白菜 ,35.0,25.3,15.0,25.2, +  1,800.0, -  4,0
109/11/05,400 台中市,LB1 小白菜 土白菜 ,26.0,20.8,11.4,19.3, - 20,995.0, +236,0
109/11/05,930 台東市,LB1 小白菜 土白菜 ,55.0,30.0,19.0,30.0, + 36,800.0, + 13,0
109/11/05,800 高雄市,LB11 小白菜 土白菜 洗,45.0,38.4,31.4,38.3, -  4,3671.0, + 31,0
109/11/05,900 屏東市,LB1 小白菜 土白菜 ,38.1,32.0,23.9,31.6, +  1,1903.0, + 34,0
109/11/05,220 板橋區,LB1 小白菜 土白菜 ,55.0,34.2,21.9,35.9, +  9,2124.5, + 58,0
109/11/05,648 西螺鎮,LB12 小白菜 土白菜 未洗,37.2,24.3,17.5,25.2, -  2,7489.0, +  1,0
109/11/06,338 桃　農,LB1 小白菜 土白菜 ,34.8,26.8,18.5,26.7, -  5,260.0, - 13,0
109/11/06,400 台中市,LB1 小白菜 土白菜 ,30.5,24.9,19.8,24.1, + 25,732.0, - 26,0
109/11/06,109 台北一,LB12 小白菜 土白菜 未洗,38.3,32.2,24.8,31.9, -  6,5816.0, +  2,0
109/11/06,220 板橋區,LB1 小白菜 土白菜 ,58.4,48.2,29.4,46.4, + 29,3116.3, + 47,0
109/11/06,800 高雄市,LB11 小白菜 土白菜 洗,43.8,38.4,33.4,38.5, +  1,3722.0, +  1,0
109/11/06,104 台北二,LB12 小白菜 土白菜 未洗,46.0,29.2,21.2,31.0, -  0,2725.0, + 16,0
109/11/06,830 鳳山區,LB1 小白菜 土白菜 ,33.4,21.2,15.1,22.4, - 15,1130.0, + 18,0
109/11/06,241 三重區,LB1 小白菜 土白菜 ,43.6,32.2,26.3,33.3, +  2,698.0, +  9,0
109/11/06,648 西螺鎮,LB12 小白菜 土白菜 未洗,35.4,24.4,17.5,25.6, +  2,8151.0, +  9,0
109/11/06,900 屏東市,LB1 小白菜 土白菜 ,32.7,29.4,21.6,28.5, - 10,1850.0, -  3,0
109/11/06,930 台東市,LB1 小白菜 土白菜 ,55.0,28.0,18.0,29.0, -  3,750.0, -  6,0
109/11/06,260 宜蘭市,LB12 小白菜 土白菜 未洗,38.0,30.0,20.0,30.0,  -  ,2470.0,  -  ,0
109/11/06,514 溪湖鎮,LB1 小白菜 土白菜 ,35.0,25.3,15.0,25.2,    0,780.0, -  3,0
109/11/07,800 高雄市,LB11 小白菜 土白菜 洗,45.0,40.2,30.7,39.2, +  2,3218.0, - 14,0
109/11/07,514 溪湖鎮,LB1 小白菜 土白菜 ,35.0,25.3,15.0,25.2,    0,740.0, -  5,0
109/11/07,540 南投市,LB1 小白菜 土白菜 ,40.0,37.0,30.0,36.81,  -  ,58.0,  -  ,0
109/11/07,420 豐原區,LB1 小白菜 土白菜 ,30.0,30.0,30.0,30.0,  -  ,400.0,  -  ,0
109/11/07,400 台中市,LB1 小白菜 土白菜 ,34.8,28.8,24.8,28.6, + 19,522.0, - 29,0
109/11/07,109 台北一,LB12 小白菜 土白菜 未洗,39.4,33.5,20.5,32.1, +  1,4931.0, - 15,0
109/11/07,104 台北二,LB12 小白菜 土白菜 未洗,50.0,33.2,23.8,34.7, + 12,2343.0, - 14,0
109/11/07,930 台東市,LB1 小白菜 土白菜 ,55.0,25.0,15.0,29.0,    0,730.0, -  3,0
109/11/07,220 板橋區,LB1 小白菜 土白菜 ,38.8,33.7,25.2,33.0, - 29,1556.0, - 50,0
109/11/07,830 鳳山區,LB1 小白菜 土白菜 ,32.3,21.7,16.0,22.7, +  1,1370.0, + 21,0
109/11/07,648 西螺鎮,LB12 小白菜 土白菜 未洗,35.1,24.8,17.5,26.0, +  2,7945.0, -  3,0
109/11/07,338 桃　農,LB1 小白菜 土白菜 ,40.0,40.0,40.0,40.0, + 50,23.0, - 91,0
109/11/07,900 屏東市,LB1 小白菜 土白菜 ,33.9,25.8,19.1,25.8, -  9,1443.0, - 22,0
109/11/07,241 三重區,LB1 小白菜 土白菜 ,35.0,30.4,22.2,29.6, - 11,754.0, +  8,0
109/11/08,104 台北二,LB12 小白菜 土白菜 未洗,50.0,36.1,27.1,37.1, +  7,2123.0, -  9,0
109/11/08,220 板橋區,LB1 小白菜 土白菜 ,36.7,33.2,28.5,32.9, -  0,1576.0, +  1,0
109/11/08,830 鳳山區,LB1 小白菜 土白菜 ,33.8,19.6,15.1,21.6, -  5,1372.0, +  0,0
109/11/08,400 台中市,LB1 小白菜 土白菜 ,36.0,28.5,25.0,29.8, +  4,158.0, - 70,0
109/11/08,338 桃　農,LB1 小白菜 土白菜 ,38.0,36.2,31.0,35.5, - 11,160.0, +596,0
109/11/08,800 高雄市,LB11 小白菜 土白菜 洗,46.3,40.0,25.6,38.4, -  2,3796.0, + 18,0
109/11/08,900 屏東市,LB1 小白菜 土白菜 ,29.5,21.8,15.9,21.8, - 16,1213.0, - 16,0
109/11/08,930 台東市,LB1 小白菜 土白菜 ,55.0,30.0,23.0,33.0, + 14,800.0, + 10,0
109/11/08,514 溪湖鎮,LB1 小白菜 土白菜 ,40.0,30.0,20.0,30.0, + 19,680.0, -  8,0
109/11/08,241 三重區,LB1 小白菜 土白菜 ,36.6,28.9,20.1,28.6, -  3,1234.0, + 64,0
109/11/08,109 台北一,LB12 小白菜 土白菜 未洗,38.7,34.6,25.8,33.6, +  5,5481.0, + 11,0
109/11/09,648 西螺鎮,LB12 小白菜 土白菜 未洗,33.2,24.8,17.5,25.6, -  2,8767.0, + 10,0
109/11/09,514 溪湖鎮,LB1 小白菜 土白菜 ,35.4,23.3,17.5,24.5, - 18,680.0,    0,0
109/11/10,338 桃　農,LB1 小白菜 土白菜 ,44.0,44.0,44.0,44.0, + 24,80.0, - 50,0
109/11/10,930 台東市,LB1 小白菜 土白菜 ,55.0,29.0,20.0,31.0, -  6,1050.0, + 31,0
109/11/10,514 溪湖鎮,LB1 小白菜 土白菜 ,35.1,23.3,17.5,24.5,    0,680.0,    0,0
109/11/10,220 板橋區,LB1 小白菜 土白菜 ,50.1,34.2,29.2,36.4, + 11,2364.8, + 50,0
109/11/10,109 台北一,LB12 小白菜 土白菜 未洗,42.4,36.0,24.7,35.0, +  4,6318.0, + 15,0
109/11/10,104 台北二,LB12 小白菜 土白菜 未洗,50.0,39.9,26.4,39.2, +  6,2945.0, + 39,0
109/11/10,648 西螺鎮,LB12 小白菜 土白菜 未洗,33.5,24.9,17.5,25.7, +  0,7917.0, - 10,0
109/11/10,241 三重區,LB1 小白菜 土白菜 ,39.7,31.3,26.4,32.0, + 12,764.0, - 38,0
109/11/10,800 高雄市,LB11 小白菜 土白菜 洗,44.1,39.9,33.0,39.4, +  3,2657.0, - 30,0
109/11/10,830 鳳山區,LB1 小白菜 土白菜 ,33.2,19.5,15.1,21.3, -  1,1170.0, - 15,0
109/11/10,400 台中市,LB1 小白菜 土白菜 ,37.8,31.6,23.8,29.6, -  1,405.0, +156,0
109/11/10,900 屏東市,LB1 小白菜 土白菜 ,37.0,29.9,16.0,28.6, + 31,1149.0, -  5,0
109/11/11,109 台北一,LB12 小白菜 土白菜 未洗,42.3,37.0,30.0,36.7, +  5,6147.0, -  3,0
109/11/11,241 三重區,LB1 小白菜 土白菜 ,45.0,40.2,28.1,38.7, + 21,439.0, - 43,0
109/11/11,420 豐原區,LB1 小白菜 土白菜 ,35.0,26.9,20.0,27.14,  -  ,1400.0,  -  ,0
109/11/11,800 高雄市,LB11 小白菜 土白菜 洗,45.0,39.5,33.2,39.4,    0,2944.0, + 11,0
109/11/11,648 西螺鎮,LB12 小白菜 土白菜 未洗,34.2,24.8,17.5,25.5, -  1,8303.0, +  5,0
109/11/11,400 台中市,LB1 小白菜 土白菜 ,40.3,35.4,29.0,34.3, + 16,572.0, + 41,0
109/11/11,104 台北二,LB12 小白菜 土白菜 未洗,50.0,38.0,26.8,38.1, -  3,2421.0, - 18,0
109/11/11,900 屏東市,LB1 小白菜 土白菜 ,39.8,32.0,15.0,30.2, +  6,1160.0, +  1,0
109/11/11,338 桃　農,LB1 小白菜 土白菜 ,43.4,38.9,33.0,38.6, - 12,360.0, +350,0
109/11/11,830 鳳山區,LB1 小白菜 土白菜 ,39.8,22.6,16.1,24.8, + 16,1110.0, -  5,0
109/11/11,260 宜蘭市,LB12 小白菜 土白菜 未洗,44.0,38.0,28.0,38.0,  -  ,2630.0,  -  ,0
109/11/11,930 台東市,LB1 小白菜 土白菜 ,55.0,30.0,20.0,31.0,    0,700.0, - 33,0
109/11/11,220 板橋區,LB1 小白菜 土白菜 ,41.0,33.9,28.8,34.3, -  6,1686.0, - 29,0
109/11/11,514 溪湖鎮,LB1 小白菜 土白菜 ,45.0,32.5,20.0,32.5, + 33,620.0, -  9,0
109/11/12,800 高雄市,LB11 小白菜 土白菜 洗,42.8,35.8,27.8,35.6, - 10,3136.0, +  7,0
109/11/12,514 溪湖鎮,LB1 小白菜 土白菜 ,33.5,23.7,17.5,24.4, - 25,620.0,    0,0
109/11/12,830 鳳山區,LB1 小白菜 土白菜 ,38.2,25.4,18.2,26.5, +  7,900.0, - 19,0
109/11/12,540 南投市,LB1 小白菜 土白菜 ,42.0,32.0,30.0,31.87,  -  ,53.0,  -  ,0
109/11/12,930 台東市,LB1 小白菜 土白菜 ,55.0,30.0,20.0,30.0, -  3,700.0,    0,0
109/11/12,648 西螺鎮,LB12 小白菜 土白菜 未洗,31.8,23.5,15.0,24.1, -  5,8503.0, +  2,0
109/11/13,514 溪湖鎮,LB1 小白菜 土白菜 ,35.0,25.0,15.0,25.0, +  2,640.0, +  3,0
109/11/13,260 宜蘭市,LB12 小白菜 土白菜 未洗,44.0,37.0,28.0,37.0, -  3,2350.0, - 11,0
109/11/13,241 三重區,LB1 小白菜 土白菜 ,35.8,29.4,25.7,30.0, - 22,790.0, + 80,0
109/11/13,540 南投市,LB1 小白菜 土白菜 ,30.0,30.0,30.0,30.0, -  6,59.0, + 11,0
109/11/13,930 台東市,LB1 小白菜 土白菜 ,55.0,27.0,17.0,28.0, -  7,720.0, +  3,0
109/11/13,338 桃　農,LB1 小白菜 土白菜 ,40.0,38.4,32.4,37.5, -  3,138.0, - 62,0
109/11/13,900 屏東市,LB1 小白菜 土白菜 ,42.3,31.7,17.0,30.9, +  2,955.0, - 18,0
109/11/13,800 高雄市,LB11 小白菜 土白菜 洗,43.0,40.0,29.8,38.6, +  8,2728.0, - 13,0
109/11/13,830 鳳山區,LB1 小白菜 土白菜 ,43.6,24.0,17.2,26.6, +  0,1100.0, + 22,0
109/11/13,220 板橋區,LB1 小白菜 土白菜 ,61.0,36.3,28.0,39.6, + 15,3704.2, +120,0
109/11/13,104 台北二,LB12 小白菜 土白菜 未洗,56.0,37.6,24.0,38.6, +  1,2998.0, + 24,0
109/11/13,109 台北一,LB12 小白菜 土白菜 未洗,43.6,35.8,25.5,35.3, -  4,5977.0, -  3,0
109/11/13,400 台中市,LB1 小白菜 土白菜 ,33.0,31.4,23.7,29.1, - 15,380.0, - 34,0
109/11/13,648 西螺鎮,LB12 小白菜 土白菜 未洗,32.4,23.1,15.0,23.3, -  3,9183.0, +  8,0
109/11/14,648 西螺鎮,LB12 小白菜 土白菜 未洗,39.9,28.0,17.5,28.2, + 21,6890.0, - 25,0
109/11/14,220 板橋區,LB1 小白菜 土白菜 ,37.0,33.8,26.7,33.0, - 17,1410.0, - 62,0
109/11/14,514 溪湖鎮,LB1 小白菜 土白菜 ,32.5,23.3,15.0,23.5, -  6,650.0, +  2,0
109/11/14,420 豐原區,LB1 小白菜 土白菜 ,30.0,28.5,25.0,28.13,  -  ,800.0,  -  ,0
109/11/14,830 鳳山區,LB1 小白菜 土白菜 ,40.2,24.6,17.1,26.2, -  2,1100.0,    0,0
109/11/14,400 台中市,LB1 小白菜 土白菜 ,32.5,26.0,20.0,25.7, - 12,268.0, - 29,0
109/11/14,241 三重區,LB1 小白菜 土白菜 ,34.0,30.4,23.1,29.6, -  1,752.0, -  5,0
109/11/14,800 高雄市,LB11 小白菜 土白菜 洗,46.3,40.2,32.7,39.9, +  3,2708.0, -  1,0
109/11/14,109 台北一,LB12 小白菜 土白菜 未洗,44.4,38.4,27.6,37.5, +  6,5198.0, - 13,0
109/11/14,338 桃　農,LB1 小白菜 土白菜 ,30.9,24.8,22.0,25.5, - 32,220.0, + 59,0
109/11/14,930 台東市,LB1 小白菜 土白菜 ,55.0,25.0,15.0,28.0,    0,700.0, -  3,0
109/11/14,104 台北二,LB12 小白菜 土白菜 未洗,52.0,32.3,19.3,33.6, - 13,2435.0, - 19,0
109/11/14,900 屏東市,LB1 小白菜 土白菜 ,36.9,21.9,17.4,21.9, - 29,2664.0, +179,0
109/11/15,220 板橋區,LB1 小白菜 土白菜 ,39.4,33.6,30.3,34.1, +  3,1100.0, - 22,0
109/11/15,400 台中市,LB1 小白菜 土白菜 ,38.5,31.3,20.0,31.4, + 22,445.0, + 66,0
109/11/15,830 鳳山區,LB1 小白菜 土白菜 ,40.0,23.4,16.1,25.3, -  3,1140.0, +  4,0
109/11/15,104 台北二,LB12 小白菜 土白菜 未洗,52.0,41.9,33.6,42.2, + 26,1809.0, - 26,0
109/11/15,514 溪湖鎮,LB1 小白菜 土白菜 ,32.5,23.2,15.0,23.4, -  0,660.0, +  2,0
109/11/15,109 台北一,LB12 小白菜 土白菜 未洗,43.7,36.7,27.3,36.2, -  3,6367.0, + 22,0
109/11/15,930 台東市,LB1 小白菜 土白菜 ,55.0,30.0,20.0,30.0, +  7,808.0, + 15,0
109/11/15,241 三重區,LB1 小白菜 土白菜 ,34.2,27.0,21.2,27.3, -  8,559.0, - 26,0
109/11/15,260 宜蘭市,LB12 小白菜 土白菜 未洗,46.0,35.0,24.0,35.0, -  5,2250.0, -  4,0
109/11/15,800 高雄市,LB11 小白菜 土白菜 洗,52.0,45.0,36.5,44.7, + 12,2150.0, - 21,0
109/11/15,900 屏東市,LB1 小白菜 土白菜 ,39.2,27.9,20.0,27.9, + 27,2212.0, - 17,0
109/11/16,648 西螺鎮,LB12 小白菜 土白菜 未洗,40.0,27.8,17.5,28.1, -  0,7978.0, + 16,0
109/11/16,514 溪湖鎮,LB1 小白菜 土白菜 ,32.5,23.2,15.0,23.4,    0,660.0,    0,0
109/11/17,900 屏東市,LB1 小白菜 土白菜 ,43.4,32.1,22.8,32.1, + 15,2616.0, + 18,0
109/11/17,514 溪湖鎮,LB1 小白菜 土白菜 ,40.0,27.5,17.5,28.0, + 20,630.0, -  5,0
109/11/17,109 台北一,LB12 小白菜 土白菜 未洗,45.4,37.4,27.5,37.0, +  2,5510.0, - 13,0
109/11/17,930 台東市,LB1 小白菜 土白菜 ,55.0,30.0,20.0,30.0,    0,1138.0, + 41,0
109/11/17,260 宜蘭市,LB12 小白菜 土白菜 未洗,46.0,35.0,28.0,35.0,    0,2430.0, +  8,0
109/11/17,540 南投市,LB1 小白菜 土白菜 ,35.0,31.0,30.0,30.39,  -  ,90.0,  -  ,0
109/11/17,220 板橋區,LB1 小白菜 土白菜 ,52.0,36.4,29.3,38.1, + 12,2122.8, + 93,0
109/11/17,241 三重區,LB1 小白菜 土白菜 ,45.9,31.4,24.4,32.9, + 21,810.0, + 45,0
109/11/17,648 西螺鎮,LB12 小白菜 土白菜 未洗,40.0,28.4,17.5,28.5, +  1,7152.0, - 10,0
109/11/17,800 高雄市,LB11 小白菜 土白菜 洗,51.0,48.1,41.3,47.3, +  6,2148.0, -  0,0
109/11/17,400 台中市,LB1 小白菜 土白菜 ,37.8,29.8,28.0,31.2, -  1,1370.0, +208,0
109/11/17,104 台北二,LB12 小白菜 土白菜 未洗,55.0,45.2,31.5,44.4, +  5,3289.0, + 82,0
109/11/17,338 桃　農,LB1 小白菜 土白菜 ,40.0,40.0,40.0,40.0,  -  ,40.0,  -  ,0
109/11/18,104 台北二,LB12 小白菜 土白菜 未洗,59.0,40.0,22.7,40.3, -  9,2699.0, - 18,0
109/11/18,420 豐原區,LB1 小白菜 土白菜 ,35.0,35.0,35.0,35.0,  -  ,800.0,  -  ,0
109/11/18,800 高雄市,LB11 小白菜 土白菜 洗,54.3,46.5,40.2,46.8, -  1,2389.0, + 11,0
109/11/18,514 溪湖鎮,LB1 小白菜 土白菜 ,40.0,27.8,17.5,28.2, +  1,630.0,    0,0
109/11/18,220 板橋區,LB1 小白菜 土白菜 ,80.0,43.3,30.6,48.1, + 26,1914.0, - 10,0
109/11/18,540 南投市,LB1 小白菜 土白菜 ,40.0,32.0,27.0,30.98, +  2,55.0, - 39,0
109/11/18,338 桃　農,LB1 小白菜 土白菜 ,40.0,40.0,28.9,37.8, -  6,90.0, +125,0
109/11/18,109 台北一,LB12 小白菜 土白菜 未洗,46.1,35.2,22.0,34.7, -  6,7336.0, + 33,0
109/11/18,900 屏東市,LB1 小白菜 土白菜 ,43.4,36.8,22.0,35.2, + 10,790.0, - 70,0
109/11/18,648 西螺鎮,LB12 小白菜 土白菜 未洗,39.9,26.9,17.5,27.4, -  4,9321.0, + 30,0
109/11/18,400 台中市,LB1 小白菜 土白菜 ,35.7,33.2,28.3,32.7, +  5,599.0, - 56,0
109/11/18,830 鳳山區,LB1 小白菜 土白菜 ,42.3,23.6,15.0,25.6, +  1,1130.0, -  1,0
109/11/18,260 宜蘭市,LB12 小白菜 土白菜 未洗,41.0,32.0,22.0,32.0, -  9,2230.0, -  8,0
109/11/18,241 三重區,LB1 小白菜 土白菜 ,46.0,38.0,32.8,38.6, + 17,448.0, - 45,0
109/11/18,930 台東市,LB1 小白菜 土白菜 ,55.0,30.0,20.0,30.0,    0,788.0, - 31,0
109/11/19,241 三重區,LB1 小白菜 土白菜 ,45.0,31.1,23.7,32.4, - 16,526.0, + 17,0
109/11/19,648 西螺鎮,LB12 小白菜 土白菜 未洗,36.1,25.4,17.5,26.2, -  4,8689.0, -  7,0
109/11/19,514 溪湖鎮,LB1 小白菜 土白菜 ,45.0,30.8,10.0,29.5, +  5,600.0, -  5,0
109/11/19,109 台北一,LB12 小白菜 土白菜 未洗,50.0,32.3,15.3,32.4, -  7,7006.0, -  4,0
109/11/19,800 高雄市,LB11 小白菜 土白菜 洗,49.0,42.9,29.3,41.4, - 12,3208.0, + 34,0
109/11/19,338 桃　農,LB1 小白菜 土白菜 ,35.0,35.0,35.0,35.0, -  7,25.0, - 72,0
109/11/19,104 台北二,LB12 小白菜 土白菜 未洗,53.6,37.1,14.6,35.9, - 11,2401.0, - 11,0
109/11/19,900 屏東市,LB1 小白菜 土白菜 ,38.0,33.2,21.2,31.8, - 10,1383.0, + 75,0
109/11/19,220 板橋區,LB1 小白菜 土白菜 ,40.3,37.2,32.6,36.9, - 23,1250.0, - 35,0
109/11/19,400 台中市,LB1 小白菜 土白菜 ,35.8,31.1,20.4,28.6, - 13,1034.0, + 73,0
109/11/19,930 台東市,LB1 小白菜 土白菜 ,55.0,30.0,20.0,30.0,    0,735.0, -  7,0
109/11/19,830 鳳山區,LB1 小白菜 土白菜 ,38.2,21.9,15.0,23.8, -  7,1360.0, + 20,0
109/11/20,260 宜蘭市,LB12 小白菜 土白菜 未洗,40.0,30.0,22.0,30.0, -  6,3250.0, + 46,0
109/11/20,109 台北一,LB12 小白菜 土白菜 未洗,41.9,34.1,19.9,32.8, +  1,5426.0, - 23,0
109/11/20,800 高雄市,LB11 小白菜 土白菜 洗,47.8,42.4,36.0,42.2, +  2,2147.0, - 33,0
109/11/20,220 板橋區,LB1 小白菜 土白菜 ,57.8,45.8,30.3,45.1, + 22,2640.0, +111,0
109/11/20,648 西螺鎮,LB12 小白菜 土白菜 未洗,35.9,25.0,17.5,26.0, -  1,8321.0, -  4,0
109/11/20,514 溪湖鎮,LB1 小白菜 土白菜 ,39.9,25.3,17.0,26.5, - 10,600.0,    0,0
109/11/20,930 台東市,LB1 小白菜 土白菜 ,55.0,27.0,20.0,29.0, -  3,656.0, - 11,0
109/11/20,830 鳳山區,LB1 小白菜 土白菜 ,36.9,22.0,16.1,23.8,    0,1230.0, - 10,0
109/11/20,338 桃　農,LB1 小白菜 土白菜 ,50.0,50.0,50.0,50.0, + 43,60.0, +140,0
109/11/20,900 屏東市,LB1 小白菜 土白菜 ,36.8,30.8,21.6,30.2, -  5,1582.0, + 14,0
109/11/20,400 台中市,LB1 小白菜 土白菜 ,33.6,30.4,13.8,26.0, -  9,1094.0, +  6,0
109/11/20,241 三重區,LB1 小白菜 土白菜 ,43.0,35.7,24.0,34.8, +  7,375.0, - 29,0
109/11/20,104 台北二,LB12 小白菜 土白菜 未洗,50.5,36.3,22.7,36.4, +  1,2012.0, - 16,0
109/11/21,420 豐原區,LB1 小白菜 土白菜 ,35.0,22.0,10.0,22.22,  -  ,900.0,  -  ,0
109/11/21,104 台北二,LB12 小白菜 土白菜 未洗,52.0,36.6,24.1,37.2, +  2,1603.0, - 20,0
109/11/21,338 桃　農,LB1 小白菜 土白菜 ,35.0,28.7,15.2,27.3, - 45,146.0, +143,0
109/11/21,220 板橋區,LB1 小白菜 土白菜 ,35.0,32.0,28.9,32.0, - 29,1325.0, - 50,0
109/11/21,241 三重區,LB1 小白菜 土白菜 ,45.0,37.4,24.8,36.4, +  5,359.0, -  4,0
109/11/21,109 台北一,LB12 小白菜 土白菜 未洗,39.6,34.5,24.5,33.5, +  2,4227.0, - 22,0
109/11/21,800 高雄市,LB11 小白菜 土白菜 洗,49.2,41.7,28.7,40.6, -  4,3020.0, + 41,0
109/11/21,900 屏東市,LB1 小白菜 土白菜 ,34.0,25.3,17.5,25.3, - 16,2023.0, + 28,0
109/11/21,400 台中市,LB1 小白菜 土白菜 ,28.4,21.2,10.0,18.6, - 28,761.0, - 30,0
109/11/21,830 鳳山區,LB1 小白菜 土白菜 ,35.5,21.1,16.0,22.9, -  4,1290.0, +  5,0
109/11/21,930 台東市,LB1 小白菜 土白菜 ,55.0,28.0,20.0,29.0,    0,750.0, + 14,0
109/11/21,514 溪湖鎮,LB1 小白菜 土白菜 ,42.5,30.4,20.0,30.8, + 16,620.0, +  3,0
109/11/21,648 西螺鎮,LB12 小白菜 土白菜 未洗,36.9,25.7,17.5,26.4, +  2,7956.0, -  4,0
109/11/22,930 台東市,LB1 小白菜 土白菜 ,55.0,26.0,23.0,29.0,    0,813.0, +  8,0
109/11/22,338 桃　農,LB1 小白菜 土白菜 ,31.2,15.1,10.0,17.3, - 37,507.0, +247,0
109/11/22,800 高雄市,LB11 小白菜 土白菜 洗,48.0,42.4,36.4,42.3, +  4,2972.0, -  2,0
109/11/22,900 屏東市,LB1 小白菜 土白菜 ,35.8,30.7,21.1,29.8, + 18,1222.0, - 40,0
109/11/22,220 板橋區,LB1 小白菜 土白菜 ,35.0,33.6,28.8,32.9, +  3,1386.0, +  5,0
109/11/22,241 三重區,LB1 小白菜 土白菜 ,45.0,32.0,17.9,31.8, - 13,569.0, + 58,0
109/11/22,400 台中市,LB1 小白菜 土白菜 ,33.5,22.2,17.0,19.7, +  6,477.0, - 37,0
109/11/22,830 鳳山區,LB1 小白菜 土白菜 ,35.4,20.9,15.0,22.6, -  1,1260.0, -  2,0
109/11/22,514 溪湖鎮,LB1 小白菜 土白菜 ,42.5,30.4,20.0,30.8,    0,550.0, - 11,0
109/11/22,104 台北二,LB12 小白菜 土白菜 未洗,52.0,35.9,21.9,36.3, -  2,2109.0, + 32,0
109/11/22,109 台北一,LB12 小白菜 土白菜 未洗,40.5,34.4,23.5,33.5,    0,5832.0, + 38,0
109/11/23,648 西螺鎮,LB12 小白菜 土白菜 未洗,39.9,26.6,17.5,27.2, +  3,8492.0, +  7,0
109/11/23,514 溪湖鎮,LB1 小白菜 土白菜 ,36.0,23.8,17.5,25.0, - 19,600.0, +  9,0
109/11/24,104 台北二,LB12 小白菜 土白菜 未洗,52.0,36.5,24.0,37.1, +  2,3570.0, + 69,0
109/11/24,420 豐原區,LB1 小白菜 土白菜 ,25.0,25.0,25.0,25.0, + 13,20.0, - 98,0
109/11/24,830 鳳山區,LB1 小白菜 土白菜 ,43.5,26.4,18.3,28.2, + 25,1005.0, - 20,0
109/11/24,514 溪湖鎮,LB1 小白菜 土白菜 ,40.0,27.9,17.5,28.3, + 13,570.0, -  5,0
109/11/24,220 板橋區,LB1 小白菜 土白菜 ,46.8,33.9,29.2,35.5, +  8,2528.3, + 82,0
109/11/24,930 台東市,LB1 小白菜 土白菜 ,55.0,27.0,17.0,27.0, -  7,1250.0, + 54,0
109/11/24,900 屏東市,LB1 小白菜 土白菜 ,42.4,32.2,15.0,30.8, +  3,964.0, - 21,0
109/11/24,109 台北一,LB12 小白菜 土白菜 未洗,41.0,34.2,22.9,33.3, -  1,7266.0, + 25,0
109/11/24,338 桃　農,LB1 小白菜 土白菜 ,34.5,27.4,14.8,26.3, + 52,329.0, - 35,0
109/11/24,648 西螺鎮,LB12 小白菜 土白菜 未洗,40.0,26.7,17.5,27.3, +  0,8084.0, -  5,0
109/11/24,800 高雄市,LB11 小白菜 土白菜 洗,49.0,41.9,35.8,42.1, -  0,3148.0, +  6,0
109/11/24,400 台中市,LB1 小白菜 土白菜 ,29.7,24.7,18.3,24.0, + 22,498.0, +  4,0
109/11/24,241 三重區,LB1 小白菜 土白菜 ,44.6,36.8,29.3,36.8, + 16,540.0, -  5,0
109/11/25,830 鳳山區,LB1 小白菜 土白菜 ,40.0,22.4,15.2,24.4, - 13,1100.0, +  9,0
109/11/25,648 西螺鎮,LB12 小白菜 土白菜 未洗,36.2,24.8,17.5,25.8, -  5,8423.0, +  4,0
109/11/25,109 台北一,LB12 小白菜 土白菜 未洗,43.0,35.0,24.0,34.4, +  3,6807.0, -  6,0
109/11/25,104 台北二,LB12 小白菜 土白菜 未洗,52.0,33.4,23.2,35.1, -  5,2226.0, - 38,0
109/11/25,338 桃　農,LB1 小白菜 土白菜 ,26.0,23.1,20.0,23.0, - 13,115.0, - 65,0
109/11/25,241 三重區,LB1 小白菜 土白菜 ,41.7,35.7,24.4,34.7, -  6,346.0, - 36,0
109/11/25,900 屏東市,LB1 小白菜 土白菜 ,39.3,27.5,18.8,27.5, - 11,2537.0, +163,0
109/11/25,930 台東市,LB1 小白菜 土白菜 ,55.0,27.0,20.0,28.0, +  4,730.0, - 42,0
109/11/25,420 豐原區,LB1 小白菜 土白菜 ,25.0,25.0,25.0,25.0,    0,500.0, +999,0
109/11/25,400 台中市,LB1 小白菜 土白菜 ,32.7,27.0,20.0,27.8, + 16,472.0, -  5,0
109/11/25,540 南投市,LB1 小白菜 土白菜 ,66.0,45.0,35.0,44.16,  -  ,58.0,  -  ,0
109/11/25,220 板橋區,LB1 小白菜 土白菜 ,43.4,33.2,29.4,34.5, -  3,1621.3, - 36,0
109/11/25,800 高雄市,LB11 小白菜 土白菜 洗,50.1,45.0,35.5,44.1, +  5,2670.0, - 15,0
109/11/25,260 宜蘭市,LB12 小白菜 土白菜 未洗,39.0,30.0,22.0,30.0,  -  ,2430.0,  -  ,0
109/11/25,514 溪湖鎮,LB1 小白菜 土白菜 ,40.0,27.9,17.5,28.3,    0,570.0,    0,0
109/11/26,338 桃　農,LB1 小白菜 土白菜 ,25.0,20.5,20.0,21.3, -  7,153.0, + 33,0
109/11/26,220 板橋區,LB1 小白菜 土白菜 ,36.3,33.5,29.6,33.3, -  3,1253.0, - 23,0
109/11/26,800 高雄市,LB11 小白菜 土白菜 洗,47.5,41.8,37.8,42.1, -  5,2728.0, +  2,0
109/11/26,241 三重區,LB1 小白菜 土白菜 ,43.8,30.5,19.1,30.9, - 11,457.0, + 32,0
109/11/26,648 西螺鎮,LB12 小白菜 土白菜 未洗,35.3,24.7,17.4,25.4, -  2,8488.0, +  1,0
109/11/26,104 台北二,LB12 小白菜 土白菜 未洗,52.0,33.2,23.5,35.0, -  0,2030.0, -  9,0
109/11/26,830 鳳山區,LB1 小白菜 土白菜 ,39.6,24.1,17.1,25.8, +  6,946.0, - 14,0
109/11/26,514 溪湖鎮,LB1 小白菜 土白菜 ,40.0,27.1,17.5,27.8, -  2,560.0, -  2,0
109/11/26,900 屏東市,LB1 小白菜 土白菜 ,35.1,26.0,18.7,26.0, -  5,2869.0, + 13,0
109/11/26,930 台東市,LB1 小白菜 土白菜 ,40.0,20.0,12.0,28.0,    0,803.0, + 10,0
109/11/26,400 台中市,LB1 小白菜 土白菜 ,32.8,27.4,21.8,26.3, -  5,796.0, + 69,0
109/11/26,109 台北一,LB12 小白菜 土白菜 未洗,38.4,30.0,20.9,29.9, - 13,7635.0, + 12,0
109/11/27,338 桃　農,LB1 小白菜 土白菜 ,22.0,21.7,20.0,21.4, +  0,51.0, - 67,0
109/11/27,930 台東市,LB1 小白菜 土白菜 ,55.0,25.0,20.0,28.0,    0,802.0, -  0,0
109/11/27,800 高雄市,LB11 小白菜 土白菜 洗,48.1,41.7,35.8,41.8, -  1,3112.0, + 14,0
109/11/27,109 台北一,LB12 小白菜 土白菜 未洗,39.0,27.2,18.2,27.7, -  7,6370.0, - 17,0
109/11/27,900 屏東市,LB1 小白菜 土白菜 ,31.8,28.9,24.4,28.6, + 10,1524.0, - 47,0
109/11/27,241 三重區,LB1 小白菜 土白菜 ,39.5,30.8,23.0,31.0, +  0,446.0, -  2,0
109/11/27,648 西螺鎮,LB12 小白菜 土白菜 未洗,35.7,24.9,17.5,25.9, +  2,8216.0, -  3,0
109/11/27,104 台北二,LB12 小白菜 土白菜 未洗,53.0,32.2,16.7,33.3, -  5,2001.0, -  1,0
109/11/27,400 台中市,LB1 小白菜 土白菜 ,28.8,18.9,9.0,18.9, - 28,663.0, - 17,0
109/11/27,514 溪湖鎮,LB1 小白菜 土白菜 ,37.3,25.4,17.5,26.2, -  6,550.0, -  2,0
109/11/27,220 板橋區,LB1 小白菜 土白菜 ,59.0,42.4,28.7,42.9, + 29,2985.0, +138,0
109/11/27,830 鳳山區,LB1 小白菜 土白菜 ,34.8,20.3,14.1,22.0, - 15,1368.0, + 45,0
109/11/28,220 板橋區,LB1 小白菜 土白菜 ,52.2,32.7,26.7,35.4, - 17,1721.0, - 42,0
109/11/28,830 鳳山區,LB1 小白菜 土白菜 ,32.0,20.9,15.0,22.0,    0,988.0, - 28,0
109/11/28,241 三重區,LB1 小白菜 土白菜 ,32.8,28.0,16.6,26.7, - 14,506.0, + 13,0
109/11/28,900 屏東市,LB1 小白菜 土白菜 ,32.2,26.0,17.3,25.5, - 11,1900.0, + 25,0
109/11/28,648 西螺鎮,LB12 小白菜 土白菜 未洗,35.6,25.2,17.5,26.2, +  1,8481.0, +  3,0
109/11/28,800 高雄市,LB11 小白菜 土白菜 洗,50.2,44.6,32.9,43.4, +  4,4410.0, + 42,0
109/11/28,109 台北一,LB12 小白菜 土白菜 未洗,41.1,28.1,16.5,28.4, +  3,6483.0, +  2,0
109/11/28,930 台東市,LB1 小白菜 土白菜 ,55.0,28.0,20.0,28.0,    0,753.0, -  6,0
109/11/28,420 豐原區,LB1 小白菜 土白菜 ,25.0,22.0,20.0,22.22,  -  ,900.0,  -  ,0
109/11/28,514 溪湖鎮,LB1 小白菜 土白菜 ,35.3,23.5,17.5,24.7, -  6,550.0,    0,0
109/11/28,104 台北二,LB12 小白菜 土白菜 未洗,40.6,30.3,18.5,30.0, - 10,2259.0, + 13,0
109/11/28,400 台中市,LB1 小白菜 土白菜 ,30.7,24.3,17.3,24.1, + 28,535.0, - 19,0
109/11/28,338 桃　農,LB1 小白菜 土白菜 ,22.0,21.3,20.0,21.2, -  1,128.0, +151,0
109/11/29,900 屏東市,LB1 小白菜 土白菜 ,27.9,22.3,15.6,22.1, - 13,1803.0, -  5,0
109/11/29,514 溪湖鎮,LB1 小白菜 土白菜 ,37.0,25.8,17.5,26.4, +  7,550.0,    0,0
109/11/29,400 台中市,LB1 小白菜 土白菜 ,30.0,22.0,8.0,19.0, - 21,323.0, - 40,0
109/11/29,241 三重區,LB1 小白菜 土白菜 ,35.0,22.2,20.0,24.3, -  9,380.0, - 25,0
109/11/29,104 台北二,LB12 小白菜 土白菜 未洗,40.9,28.3,16.9,28.5, -  5,2898.0, + 28,0
109/11/29,930 台東市,LB1 小白菜 土白菜 ,55.0,28.0,20.0,28.0,    0,918.0, + 22,0
109/11/29,220 板橋區,LB1 小白菜 土白菜 ,33.6,29.8,23.8,29.4, - 17,1310.0, - 24,0
109/11/29,830 鳳山區,LB1 小白菜 土白菜 ,32.8,16.4,11.6,18.7, - 15,1105.0, + 12,0
109/11/29,109 台北一,LB12 小白菜 土白菜 未洗,39.4,27.3,16.2,27.5, -  3,6696.0, +  3,0
109/11/29,800 高雄市,LB11 小白菜 土白菜 洗,51.2,44.8,29.0,42.9, -  1,4044.0, -  8,0
109/11/29,260 宜蘭市,LB1 小白菜 土白菜 ,35.0,25.0,18.0,25.0,  -  ,2730.0,  -  ,0
109/11/29,338 桃　農,LB1 小白菜 土白菜 ,37.0,20.3,10.0,21.6, +  2,200.0, + 56,0
109/11/30,648 西螺鎮,LB12 小白菜 土白菜 未洗,33.6,23.3,15.0,24.2, -  8,9425.0, + 11,0
109/11/30,514 溪湖鎮,LB1 小白菜 土白菜 ,37.0,25.6,17.5,26.3, -  0,520.0, -  5,0
109/12/01,400 台中市,LB1 小白菜 土白菜 ,32.4,23.2,16.0,23.0, + 21,657.0, +103,0
109/12/01,241 三重區,LB1 小白菜 土白菜 ,29.4,23.3,13.9,22.6, -  7,1290.0, +239,0
109/12/01,930 台東市,LB1 小白菜 土白菜 ,55.0,27.0,20.0,28.0,    0,870.0, -  5,0
109/12/01,514 溪湖鎮,LB1 小白菜 土白菜 ,34.9,25.7,17.5,25.9, -  2,520.0,    0,0
109/12/01,338 桃　農,LB1 小白菜 土白菜 ,34.0,23.8,16.6,24.4, + 13,580.0, +190,0
109/12/01,800 高雄市,LB11 小白菜 土白菜 洗,42.1,33.0,10.3,30.3, - 29,4010.0, -  1,0
109/12/01,648 西螺鎮,LB12 小白菜 土白菜 未洗,30.5,23.3,15.0,23.3, -  4,9875.0, +  5,0
109/12/01,900 屏東市,LB1 小白菜 土白菜 ,29.5,22.4,16.9,22.4, +  1,2583.0, + 43,0
109/12/01,220 板橋區,LB1 小白菜 土白菜 ,38.4,25.9,16.8,26.6, - 10,3308.1, +153,0
109/12/01,540 南投市,LB1 小白菜 土白菜 ,39.0,38.0,34.0,37.3,  -  ,68.0,  -  ,0
109/12/01,104 台北二,LB12 小白菜 土白菜 未洗,41.1,24.5,13.8,25.7, - 10,4494.0, + 55,0
109/12/01,109 台北一,LB12 小白菜 土白菜 未洗,38.0,22.5,12.1,23.5, - 15,8757.0, + 31,0
109/12/02,930 台東市,LB1 小白菜 土白菜 ,55.0,28.0,23.0,28.0,    0,780.0, - 10,0
109/12/02,800 高雄市,LB11 小白菜 土白菜 洗,41.0,31.3,11.1,29.2, -  4,3110.0, - 22,0
109/12/02,900 屏東市,LB1 小白菜 土白菜 ,24.7,17.0,10.5,17.0, - 24,3232.0, + 25,0
109/12/02,220 板橋區,LB1 小白菜 土白菜 ,25.3,21.4,13.9,20.7, - 22,1896.0, - 43,0
109/12/02,241 三重區,LB1 小白菜 土白菜 ,24.4,15.2,8.7,15.7, - 31,941.0, - 27,0
109/12/02,338 桃　農,LB1 小白菜 土白菜 ,28.3,23.8,18.8,23.7, -  3,455.0, - 22,0
109/12/02,648 西螺鎮,LB12 小白菜 土白菜 未洗,25.3,20.0,10.0,19.4, - 17,11087.0, + 12,0
109/12/02,400 台中市,LB1 小白菜 土白菜 ,19.7,14.3,8.3,14.3, - 38,763.0, + 16,0
109/12/02,104 台北二,LB12 小白菜 土白菜 未洗,38.4,19.5,7.4,20.9, - 19,3175.0, - 29,0
109/12/02,514 溪湖鎮,LB1 小白菜 土白菜 ,32.3,23.4,15.1,23.5, -  9,500.0, -  4,0
109/12/02,109 台北一,LB12 小白菜 土白菜 未洗,35.5,19.0,6.9,19.9, - 15,8124.0, -  7,0
109/12/02,830 鳳山區,LB1 小白菜 土白菜 ,32.0,19.7,15.0,21.2, + 13,1390.0, + 26,0
109/12/02,540 南投市,LB1 小白菜 土白菜 ,32.0,31.0,30.0,30.73, - 18,30.0, - 56,0
109/12/03,220 板橋區,LB1 小白菜 土白菜 ,22.4,17.8,11.7,17.5, - 15,2003.0, +  6,0
109/12/03,104 台北二,LB12 小白菜 土白菜 未洗,33.4,18.0,10.0,19.5, -  7,3703.0, + 17,0
109/12/03,830 鳳山區,LB1 小白菜 土白菜 ,18.3,14.1,9.8,14.1, - 33,2086.0, + 50,0
109/12/03,648 西螺鎮,LB12 小白菜 土白菜 未洗,21.4,17.3,10.0,17.5, - 10,10631.0, -  4,0
109/12/03,900 屏東市,LB1 小白菜 土白菜 ,17.9,12.5,7.8,12.5, - 26,3559.0, + 10,0
109/12/03,260 宜蘭市,LB1 小白菜 土白菜 ,23.0,15.0,10.0,15.0,  -  ,2450.0,  -  ,0
109/12/03,400 台中市,LB1 小白菜 土白菜 ,14.8,8.8,3.7,8.4, - 41,1475.0, + 93,0
109/12/03,338 桃　農,LB1 小白菜 土白菜 ,20.2,12.4,6.5,12.8, - 46,644.0, + 42,0
109/12/03,930 台東市,LB1 小白菜 土白菜 ,55.0,28.0,18.0,28.0,    0,794.0, +  2,0
109/12/03,514 溪湖鎮,LB1 小白菜 土白菜 ,27.4,20.8,12.6,20.5, - 13,530.0, +  6,0
109/12/03,241 三重區,LB1 小白菜 土白菜 ,20.7,14.5,8.4,14.5, -  8,1452.0, + 54,0
109/12/03,109 台北一,LB12 小白菜 土白菜 未洗,31.0,16.3,9.4,17.9, - 10,7091.0, - 13,0
109/12/03,800 高雄市,LB11 小白菜 土白菜 洗,37.3,30.1,15.7,28.7, -  2,3697.0, + 19,0
109/12/03,540 南投市,LB1 小白菜 土白菜 ,37.0,33.0,24.0,32.42, +  5,59.0, + 97,0
109/12/04,800 高雄市,LB11 小白菜 土白菜 洗,36.0,30.0,17.9,28.8, +  0,3026.0, - 18,0
109/12/04,950 花蓮市,LB1 小白菜 土白菜 ,10.0,9.1,8.0,9.0,  -  ,30.5,  -  ,0
109/12/04,241 三重區,LB1 小白菜 土白菜 ,17.6,11.1,7.1,11.6, - 20,1152.0, - 21,0
109/12/04,830 鳳山區,LB1 小白菜 土白菜 ,19.2,13.7,8.9,13.9, -  1,2540.0, + 22,0
109/12/04,109 台北一,LB12 小白菜 土白菜 未洗,29.1,15.0,10.0,16.8, -  6,7898.0, + 11,0
109/12/04,648 西螺鎮,LB12 小白菜 土白菜 未洗,21.2,17.4,10.0,17.0, -  3,10796.0, +  2,0
109/12/04,220 板橋區,LB1 小白菜 土白菜 ,46.6,16.7,6.6,20.7, + 18,2058.0, +  3,0
109/12/04,900 屏東市,LB1 小白菜 土白菜 ,19.1,13.3,7.8,13.3, +  6,2296.0, - 35,0
109/12/04,104 台北二,LB12 小白菜 土白菜 未洗,30.5,13.7,8.8,16.0, - 18,3967.0, +  7,0
109/12/04,400 台中市,LB1 小白菜 土白菜 ,12.6,9.5,4.2,9.2, + 10,1260.0, - 15,0
109/12/04,514 溪湖鎮,LB1 小白菜 土白菜 ,25.0,18.4,10.0,18.0, - 12,559.0, +  5,0
109/12/04,930 台東市,LB1 小白菜 土白菜 ,55.0,28.0,18.0,28.0,    0,796.0, +  0,0
109/12/04,338 桃　農,LB1 小白菜 土白菜 ,16.7,11.2,7.5,11.5, - 10,540.0, - 16,0
109/12/04,540 南投市,LB1 小白菜 土白菜 ,35.0,28.0,20.0,27.76, - 14,110.0, + 86,0
109/12/05,830 鳳山區,LB1 小白菜 土白菜 ,20.0,13.5,10.2,14.1, +  1,2140.0, - 16,0
109/12/05,104 台北二,LB12 小白菜 土白菜 未洗,29.9,15.5,7.3,16.7, +  4,3555.0, - 10,0
109/12/05,400 台中市,LB1 小白菜 土白菜 ,16.5,14.3,11.8,14.5, + 58,616.0, - 51,0
109/12/05,950 花蓮市,LB1 小白菜 土白菜 ,7.0,7.0,7.0,7.0, - 22,20.0, - 34,0
109/12/05,540 南投市,LB1 小白菜 土白菜 ,35.0,29.0,25.0,28.33, +  2,78.0, - 29,0
109/12/05,514 溪湖鎮,LB1 小白菜 土白菜 ,21.4,16.1,10.0,15.9, - 12,560.0, +  0,0
109/12/05,109 台北一,LB12 小白菜 土白菜 未洗,26.1,15.3,9.9,16.4, -  2,7979.0, +  1,0
109/12/05,420 豐原區,LB1 小白菜 土白菜 ,13.0,9.9,5.0,9.57,  -  ,740.0,  -  ,0
109/12/05,220 板橋區,LB1 小白菜 土白菜 ,19.8,14.9,10.4,15.0, - 28,1850.5, - 10,0
109/12/05,338 桃　農,LB1 小白菜 土白菜 ,16.6,11.5,6.2,11.5,    0,680.0, + 26,0
109/12/05,648 西螺鎮,LB12 小白菜 土白菜 未洗,21.7,17.3,10.0,16.5, -  3,10006.0, -  7,0
109/12/05,900 屏東市,LB1 小白菜 土白菜 ,18.3,13.0,8.7,13.0, -  2,2444.0, +  6,0
109/12/05,800 高雄市,LB11 小白菜 土白菜 洗,34.5,25.5,12.9,24.8, - 14,3550.0, + 17,0
109/12/05,930 台東市,LB1 小白菜 土白菜 ,55.0,27.0,16.0,28.0,    0,798.0, +  0,0
109/12/05,241 三重區,LB1 小白菜 土白菜 ,16.4,11.8,5.9,11.6,    0,1002.0, - 13,0
109/12/06,830 鳳山區,LB1 小白菜 土白菜 ,21.5,14.5,11.1,15.2, +  8,1620.0, - 24,0
109/12/06,400 台中市,LB1 小白菜 土白菜 ,20.5,15.7,13.2,15.3, +  6,726.0, + 18,0
109/12/06,220 板橋區,LB1 小白菜 土白菜 ,18.8,14.6,10.6,14.6, -  3,3586.0, + 94,0
109/12/06,104 台北二,LB12 小白菜 土白菜 未洗,28.8,16.7,9.9,17.8, +  7,3428.0, -  4,0
109/12/06,900 屏東市,LB1 小白菜 土白菜 ,20.8,16.1,12.3,16.1, + 24,2196.0, - 10,0
109/12/06,260 宜蘭市,LB1 小白菜 土白菜 ,23.0,16.0,12.0,16.0, +  7,2540.0, +  4,0
109/12/06,800 高雄市,LB11 小白菜 土白菜 洗,35.0,29.5,20.1,28.7, + 16,2599.0, - 27,0
109/12/06,930 台東市,LB1 小白菜 土白菜 ,55.0,27.0,17.0,28.0,    0,896.0, + 12,0
109/12/06,109 台北一,LB12 小白菜 土白菜 未洗,22.9,16.7,11.4,16.9, +  3,7172.0, - 10,0
109/12/06,514 溪湖鎮,LB1 小白菜 土白菜 ,20.0,16.3,10.0,15.8, -  1,579.0, +  3,0
109/12/06,338 桃　農,LB1 小白菜 土白菜 ,23.1,13.9,9.4,14.8, + 29,320.0, - 53,0
109/12/06,241 三重區,LB1 小白菜 土白菜 ,16.0,9.0,6.0,9.8, - 16,879.0, - 12,0
109/12/06,540 南投市,LB1 小白菜 土白菜 ,32.0,30.0,29.0,29.63, +  5,64.0, - 18,0
109/12/07,514 溪湖鎮,LB1 小白菜 土白菜 ,20.0,16.3,10.0,15.8,    0,558.0, -  4,0
109/12/07,648 西螺鎮,LB12 小白菜 土白菜 未洗,21.1,17.2,10.0,17.5, +  6,11121.0, + 11,0
109/12/08,648 西螺鎮,LB12 小白菜 土白菜 未洗,21.1,17.2,10.0,17.5,    0,9635.0, - 13,0
109/12/08,420 豐原區,LB1 小白菜 土白菜 ,12.0,10.2,10.0,10.5,  -  ,80.0,  -  ,0
109/12/08,800 高雄市,LB11 小白菜 土白菜 洗,33.8,27.9,16.7,26.8, -  7,4345.0, + 67,0
109/12/08,400 台中市,LB1 小白菜 土白菜 ,17.2,14.7,11.4,14.5, -  5,955.0, + 32,0
109/12/08,109 台北一,LB12 小白菜 土白菜 未洗,24.7,19.3,13.4,19.2, + 14,6387.0, - 11,0
109/12/08,104 台北二,LB12 小白菜 土白菜 未洗,31.0,22.7,12.8,22.4, + 26,3920.0, + 14,0
109/12/08,540 南投市,LB1 小白菜 土白菜 ,30.0,21.0,12.0,20.9, - 29,308.0, +381,0
109/12/08,514 溪湖鎮,LB1 小白菜 土白菜 ,20.0,16.3,10.0,15.8,    0,620.0, + 11,0
109/12/08,338 桃　農,LB1 小白菜 土白菜 ,15.8,11.4,10.0,12.0, - 19,320.0,    0,0
109/12/08,830 鳳山區,LB1 小白菜 土白菜 ,17.2,14.3,11.7,14.3, -  6,2450.0, + 51,0
109/12/08,930 台東市,LB1 小白菜 土白菜 ,55.0,28.0,19.0,29.0, +  4,810.0, - 10,0
109/12/08,900 屏東市,LB1 小白菜 土白菜 ,17.0,14.8,11.7,14.6, -  9,2797.0, + 27,0
109/12/08,241 三重區,LB1 小白菜 土白菜 ,23.7,11.6,10.0,13.7, + 40,280.0, - 68,0
109/12/08,220 板橋區,LB1 小白菜 土白菜 ,32.3,15.5,11.0,18.0, + 23,4072.9, + 14,0
109/12/09,930 台東市,LB1 小白菜 土白菜 ,55.0,28.0,18.0,29.0,    0,797.0, -  2,0
109/12/09,420 豐原區,LB1 小白菜 土白菜 ,15.0,15.0,10.8,14.17, + 35,480.0, +500,0
109/12/09,338 桃　農,LB1 小白菜 土白菜 ,10.2,7.6,7.0,8.0, - 33,360.0, + 13,0
109/12/09,648 西螺鎮,LB12 小白菜 土白菜 未洗,21.1,17.3,10.0,17.6, +  1,9513.0, -  1,0
109/12/09,900 屏東市,LB1 小白菜 土白菜 ,20.3,16.9,12.9,16.8, + 15,2063.0, - 26,0
109/12/09,540 南投市,LB1 小白菜 土白菜 ,27.0,24.0,20.0,23.49, + 12,172.0, - 44,0
109/12/09,260 宜蘭市,LB1 小白菜 土白菜 ,23.0,15.0,10.0,15.0, -  6,2530.0, -  0,0
109/12/09,241 三重區,LB1 小白菜 土白菜 ,21.9,13.6,7.7,14.1, +  3,960.0, +243,0
109/12/09,400 台中市,LB1 小白菜 土白菜 ,21.0,14.1,10.0,14.5,    0,667.0, - 30,0
109/12/09,109 台北一,LB12 小白菜 土白菜 未洗,26.0,16.6,8.7,16.9, - 12,6899.0, +  8,0
109/12/09,830 鳳山區,LB1 小白菜 土白菜 ,21.3,14.3,10.5,14.9, +  4,2270.0, -  7,0
109/12/09,220 板橋區,LB1 小白菜 土白菜 ,20.1,15.1,8.5,14.8, - 18,2864.0, - 30,0
109/12/09,514 溪湖鎮,LB1 小白菜 土白菜 ,20.0,16.3,10.0,15.8,    0,620.0,    0,0
109/12/09,104 台北二,LB12 小白菜 土白菜 未洗,30.0,18.7,9.7,19.1, - 15,2955.0, - 25,0
109/12/09,800 高雄市,LB11 小白菜 土白菜 洗,35.0,25.8,17.6,26.0, -  3,4732.0, +  9,0
109/12/10,338 桃　農,LB1 小白菜 土白菜 ,21.0,12.3,6.0,12.8, + 60,180.0, - 50,0
109/12/10,109 台北一,LB12 小白菜 土白菜 未洗,26.6,15.6,7.6,16.2, -  4,6851.0, -  1,0
109/12/10,830 鳳山區,LB1 小白菜 土白菜 ,19.9,13.7,11.6,14.5, -  3,2156.0, -  5,0
109/12/10,648 西螺鎮,LB12 小白菜 土白菜 未洗,21.1,17.2,10.0,17.5, -  1,9359.0, -  2,0
109/12/10,900 屏東市,LB1 小白菜 土白菜 ,21.2,19.7,12.4,18.6, + 11,4064.0, + 97,0
109/12/10,220 板橋區,LB1 小白菜 土白菜 ,18.8,17.3,12.9,16.7, + 13,1725.5, - 40,0
109/12/10,104 台北二,LB12 小白菜 土白菜 未洗,29.0,19.6,9.3,19.4, +  2,2824.0, -  4,0
109/12/10,800 高雄市,LB11 小白菜 土白菜 洗,33.2,28.1,19.0,27.3, +  5,5510.0, + 16,0
109/12/10,540 南投市,LB1 小白菜 土白菜 ,21.0,13.0,10.0,12.81, - 45,283.0, + 65,0
109/12/10,241 三重區,LB1 小白菜 土白菜 ,16.2,13.3,9.5,13.1, -  7,780.0, - 19,0
109/12/10,260 宜蘭市,LB1 小白菜 土白菜 ,23.0,15.0,10.0,15.0,    0,2460.0, -  3,0
109/12/10,400 台中市,LB1 小白菜 土白菜 ,21.8,14.5,9.6,14.2, -  2,882.0, + 32,0
109/12/10,514 溪湖鎮,LB1 小白菜 土白菜 ,21.8,16.8,10.0,16.4, +  4,642.0, +  4,0
109/12/10,930 台東市,LB1 小白菜 土白菜 ,55.0,27.0,19.0,27.0, -  7,798.0, +  0,0
109/12/11,540 南投市,LB1 小白菜 土白菜 ,21.0,10.0,6.0,9.28, - 28,241.0, - 15,0
109/12/11,338 桃　農,LB1 小白菜 土白菜 ,16.3,11.2,5.0,11.0, - 14,680.0, +278,0
109/12/11,109 台北一,LB12 小白菜 土白菜 未洗,23.3,15.3,7.9,15.4, -  5,5546.0, - 19,0
109/12/11,830 鳳山區,LB1 小白菜 土白菜 ,20.0,14.1,10.2,14.5,    0,2261.0, +  5,0
109/12/11,648 西螺鎮,LB12 小白菜 土白菜 未洗,21.2,17.2,10.0,17.5,    0,8222.0, - 12,0
109/12/11,930 台東市,LB1 小白菜 土白菜 ,40.0,20.0,11.0,23.0, - 15,770.0, -  4,0
109/12/11,220 板橋區,LB1 小白菜 土白菜 ,72.2,32.8,12.3,36.6, +119,4225.5, +145,0
109/12/11,104 台北二,LB12 小白菜 土白菜 未洗,29.2,18.8,8.6,18.8, -  3,2833.0, +  0,0
109/12/11,900 屏東市,LB1 小白菜 土白菜 ,17.5,11.5,6.6,11.5, - 38,2561.0, - 37,0
109/12/11,241 三重區,LB1 小白菜 土白菜 ,20.8,12.2,8.5,13.2, +  1,764.0, -  2,0
109/12/11,800 高雄市,LB11 小白菜 土白菜 洗,34.2,28.6,14.0,26.8, -  2,3435.0, - 38,0
109/12/11,420 豐原區,LB1 小白菜 土白菜 ,12.0,11.3,10.0,11.2,  -  ,100.0,  -  ,0
109/12/11,514 溪湖鎮,LB1 小白菜 土白菜 ,22.5,16.3,10.1,16.3, -  1,630.0, -  2,0
109/12/11,400 台中市,LB1 小白菜 土白菜 ,16.2,9.7,5.0,9.7, - 32,971.0, + 10,0
109/12/12,104 台北二,LB12 小白菜 土白菜 未洗,25.6,14.3,8.0,15.3, - 19,3732.0, + 32,0
109/12/12,109 台北一,LB12 小白菜 土白菜 未洗,23.4,13.6,8.4,14.6, -  5,6712.0, + 21,0
109/12/12,540 南投市,LB1 小白菜 土白菜 ,20.0,8.5,4.0,7.88, - 15,232.0, -  4,0
109/12/12,830 鳳山區,LB1 小白菜 土白菜 ,18.1,12.8,8.0,12.9, - 11,2336.0, +  3,0
109/12/12,220 板橋區,LB1 小白菜 土白菜 ,21.7,15.5,6.3,14.9, - 59,3411.0, - 19,0
109/12/12,514 溪湖鎮,LB1 小白菜 土白菜 ,22.0,16.2,10.0,16.1, -  1,630.0,    0,0
109/12/12,338 桃　農,LB1 小白菜 土白菜 ,20.6,11.1,6.8,12.1, + 10,660.0, -  3,0
109/12/12,648 西螺鎮,LB12 小白菜 土白菜 未洗,21.0,17.2,10.0,17.5,    0,8948.0, +  9,0
109/12/12,241 三重區,LB1 小白菜 土白菜 ,15.0,9.0,6.0,9.6, - 27,910.0, + 19,0
109/12/12,420 豐原區,LB1 小白菜 土白菜 ,15.0,15.0,9.4,13.88, + 24,1040.0, +940,0
109/12/12,930 台東市,LB1 小白菜 土白菜 ,40.0,22.0,13.0,23.0,    0,770.0,    0,0
109/12/12,400 台中市,LB1 小白菜 土白菜 ,16.8,9.2,3.8,8.6, - 11,895.0, -  8,0
109/12/12,900 屏東市,LB1 小白菜 土白菜 ,17.7,10.2,5.0,10.2, - 11,1599.0, - 38,0
109/12/12,800 高雄市,LB11 小白菜 土白菜 洗,35.0,28.5,10.0,26.1, -  3,3072.0, - 11,0
109/12/13,241 三重區,LB1 小白菜 土白菜 ,12.3,8.6,5.2,8.6, - 10,544.0, - 40,0
109/12/13,930 台東市,LB1 小白菜 土白菜 ,40.0,22.0,12.0,26.0, + 13,805.0, +  5,0
109/12/13,514 溪湖鎮,LB1 小白菜 土白菜 ,22.0,16.3,10.0,16.2, +  1,630.0,    0,0
109/12/13,104 台北二,LB12 小白菜 土白菜 未洗,26.7,15.3,7.3,16.0, +  5,3261.0, - 13,0
109/12/13,540 南投市,LB1 小白菜 土白菜 ,20.0,15.0,10.0,14.0, + 78,133.0, - 43,0
109/12/13,338 桃　農,LB1 小白菜 土白菜 ,18.0,11.2,5.2,11.4, -  6,640.0, -  3,0
109/12/13,220 板橋區,LB1 小白菜 土白菜 ,20.0,14.9,9.3,14.8, -  1,2416.0, - 29,0
109/12/13,900 屏東市,LB1 小白菜 土白菜 ,20.7,13.0,6.9,13.0, + 27,1403.0, - 12,0
109/12/13,420 豐原區,LB1 小白菜 土白菜 ,8.0,5.8,5.0,6.1, - 56,196.0, - 81,0
109/12/13,800 高雄市,LB11 小白菜 土白菜 洗,35.0,28.8,17.5,27.8, +  7,2350.0, - 24,0
109/12/13,109 台北一,LB12 小白菜 土白菜 未洗,23.2,15.1,8.7,15.4, +  5,5368.0, - 20,0
109/12/13,400 台中市,LB1 小白菜 土白菜 ,12.7,10.0,7.3,9.7, + 13,620.0, - 31,0
109/12/13,830 鳳山區,LB1 小白菜 土白菜 ,16.7,12.8,9.8,13.0, +  1,2062.0, - 12,0
109/12/13,260 宜蘭市,LB1 小白菜 土白菜 ,22.0,14.0,10.0,14.0, -  7,2360.0, -  4,0
109/12/14,648 西螺鎮,LB12 小白菜 土白菜 未洗,21.2,17.2,10.0,17.4, -  1,9742.0, +  9,0
109/12/14,514 溪湖鎮,LB1 小白菜 土白菜 ,22.2,16.2,10.0,16.2,    0,622.0, -  1,0
109/12/15,220 板橋區,LB1 小白菜 土白菜 ,24.0,15.0,11.3,16.0, +  8,2613.1, +  8,0
109/12/15,800 高雄市,LB11 小白菜 土白菜 洗,37.0,28.5,9.3,26.3, -  5,3590.0, + 53,0
109/12/15,930 台東市,LB1 小白菜 土白菜 ,40.0,20.0,9.0,21.0, - 19,572.0, - 29,0
109/12/15,400 台中市,LB1 小白菜 土白菜 ,10.8,8.7,5.0,9.0, -  7,1537.0, +148,0
109/12/15,648 西螺鎮,LB12 小白菜 土白菜 未洗,21.2,17.3,10.0,17.5, +  1,8682.0, - 11,0
109/12/15,540 南投市,LB1 小白菜 土白菜 ,20.0,9.5,7.0,8.96, - 36,249.0, + 87,0
109/12/15,514 溪湖鎮,LB1 小白菜 土白菜 ,22.1,16.2,9.9,16.1, -  1,718.0, + 15,0
109/12/15,104 台北二,LB12 小白菜 土白菜 未洗,29.1,20.6,10.6,20.3, + 27,3646.0, + 12,0
109/12/15,830 鳳山區,LB1 小白菜 土白菜 ,19.2,14.1,11.9,14.7, + 13,2188.0, +  6,0
109/12/15,338 桃　農,LB1 小白菜 土白菜 ,12.0,11.6,6.3,10.6, -  7,300.0, - 53,0
109/12/15,241 三重區,LB1 小白菜 土白菜 ,14.2,8.4,7.7,9.4, +  9,976.0, + 79,0
109/12/15,109 台北一,LB12 小白菜 土白菜 未洗,20.9,14.3,7.3,14.2, -  8,7474.0, + 39,0
109/12/15,260 宜蘭市,LB1 小白菜 土白菜 ,23.0,15.0,10.0,15.0, +  7,3120.0, + 32,0
109/12/15,900 屏東市,LB1 小白菜 土白菜 ,18.8,14.8,10.2,14.7, + 13,1644.0, + 17,0
109/12/16,540 南投市,LB1 小白菜 土白菜 ,25.0,12.0,8.0,11.75, + 31,138.0, - 45,0
109/12/16,220 板橋區,LB1 小白菜 土白菜 ,18.3,16.3,9.0,15.2, -  5,1724.0, - 34,0
109/12/16,400 台中市,LB1 小白菜 土白菜 ,16.5,12.2,6.2,12.3, + 37,599.0, - 61,0
109/12/16,338 桃　農,LB1 小白菜 土白菜 ,21.0,15.5,10.0,15.5, + 46,240.0, - 20,0
109/12/16,930 台東市,LB1 小白菜 土白菜 ,40.0,25.0,16.0,26.0, + 24,767.0, + 34,0
109/12/16,800 高雄市,LB11 小白菜 土白菜 洗,39.2,30.8,16.4,29.6, + 13,2930.0, - 18,0
109/12/16,514 溪湖鎮,LB1 小白菜 土白菜 ,22.2,16.3,10.0,16.2, +  1,700.0, -  3,0
109/12/16,241 三重區,LB1 小白菜 土白菜 ,18.5,9.5,6.4,10.7, + 14,418.0, - 57,0
109/12/16,109 台北一,LB12 小白菜 土白菜 未洗,25.2,17.5,7.4,17.0, + 20,5873.0, - 21,0
109/12/16,420 豐原區,LB1 小白菜 土白菜 ,11.0,11.0,11.0,11.0,  -  ,500.0,  -  ,0
109/12/16,104 台北二,LB12 小白菜 土白菜 未洗,27.7,14.5,8.0,15.9, - 22,3311.0, -  9,0
109/12/16,900 屏東市,LB1 小白菜 土白菜 ,19.9,15.6,12.5,15.6, +  6,1444.0, - 12,0
109/12/16,648 西螺鎮,LB12 小白菜 土白菜 未洗,27.4,21.4,12.5,21.0, + 20,7523.0, - 13,0
109/12/16,830 鳳山區,LB1 小白菜 土白菜 ,20.0,13.5,11.9,14.5, -  1,2240.0, +  2,0
109/12/17,540 南投市,LB1 小白菜 土白菜 ,30.0,18.0,14.0,16.95, + 44,82.0, - 41,0
109/12/17,260 宜蘭市,LB1 小白菜 土白菜 ,23.0,15.0,10.0,15.0,    0,2650.0, - 15,0
109/12/17,241 三重區,LB1 小白菜 土白菜 ,27.3,10.8,5.3,13.0, + 21,290.0, - 31,0
109/12/17,338 桃　農,LB1 小白菜 土白菜 ,20.0,14.3,12.0,15.0, -  3,280.0, + 17,0
109/12/17,514 溪湖鎮,LB1 小白菜 土白菜 ,22.5,16.3,10.0,16.3, +  1,720.0, +  3,0
109/12/17,900 屏東市,LB1 小白菜 土白菜 ,19.0,16.1,9.1,15.3, -  2,1221.0, - 15,0
109/12/17,220 板橋區,LB1 小白菜 土白菜 ,18.2,16.6,11.0,15.8, +  4,1716.0, -  0,0
109/12/17,400 台中市,LB1 小白菜 土白菜 ,13.0,8.1,4.0,8.9, - 28,514.0, - 14,0
109/12/17,109 台北一,LB12 小白菜 土白菜 未洗,28.2,17.1,8.8,17.7, +  4,5595.0, -  5,0
109/12/17,800 高雄市,LB11 小白菜 土白菜 洗,38.7,31.6,19.9,30.7, +  4,3320.0, + 13,0
109/12/17,648 西螺鎮,LB12 小白菜 土白菜 未洗,27.5,21.0,12.5,20.7, -  1,7560.0, +  0,0
109/12/17,930 台東市,LB1 小白菜 土白菜 ,40.0,23.0,13.0,26.0,    0,841.0, + 10,0
109/12/17,104 台北二,LB12 小白菜 土白菜 未洗,23.6,17.0,11.5,17.2, +  8,1358.0, - 59,0
109/12/18,109 台北一,LB12 小白菜 土白菜 未洗,23.4,18.4,12.0,18.2, +  3,5860.0, +  5,0
109/12/18,830 鳳山區,LB1 小白菜 土白菜 ,20.0,16.0,12.0,16.0, + 10,1420.0, - 37,0
109/12/18,241 三重區,LB1 小白菜 土白菜 ,30.1,16.2,9.2,17.6, + 35,218.0, - 25,0
109/12/18,420 豐原區,LB1 小白菜 土白菜 ,10.0,10.0,10.0,10.0,  -  ,40.0,  -  ,0
109/12/18,338 桃　農,LB1 小白菜 土白菜 ,10.0,10.0,10.0,10.0, - 33,120.0, - 57,0
109/12/18,648 西螺鎮,LB12 小白菜 土白菜 未洗,27.5,20.7,12.5,20.5, -  1,7453.0, -  1,0
109/12/18,104 台北二,LB12 小白菜 土白菜 未洗,23.9,17.8,10.3,17.5, +  2,1560.0, + 15,0
109/12/18,514 溪湖鎮,LB1 小白菜 土白菜 ,22.4,16.2,10.0,16.2, -  1,720.0,    0,0
109/12/18,260 宜蘭市,LB1 小白菜 土白菜 ,25.0,20.0,14.0,20.0, + 33,2530.0, -  5,0
109/12/18,930 台東市,LB1 小白菜 土白菜 ,40.0,23.0,13.0,26.0,    0,798.0, -  5,0
109/12/18,400 台中市,LB1 小白菜 土白菜 ,14.0,10.1,5.3,9.5, +  7,356.0, - 31,0
109/12/18,220 板橋區,LB1 小白菜 土白菜 ,61.3,26.8,13.2,31.0, + 96,2913.5, + 70,0
109/12/18,540 南投市,LB1 小白菜 土白菜 ,30.0,21.0,16.0,20.66, + 22,97.0, + 18,0
109/12/18,900 屏東市,LB1 小白菜 土白菜 ,19.3,12.6,6.1,12.6, - 18,1385.0, + 13,0
109/12/18,800 高雄市,LB11 小白菜 土白菜 洗,38.4,32.0,24.1,31.7, +  3,3920.0, + 18,0
109/12/19,104 台北二,LB12 小白菜 土白菜 未洗,26.0,16.1,9.8,16.8, -  4,2244.0, + 44,0
109/12/19,800 高雄市,LB11 小白菜 土白菜 洗,42.0,34.8,15.1,32.3, +  2,3550.0, -  9,0
109/12/19,514 溪湖鎮,LB1 小白菜 土白菜 ,22.4,16.3,10.0,16.2,    0,760.0, +  6,0
109/12/19,220 板橋區,LB1 小白菜 土白菜 ,19.2,16.8,9.4,15.8, - 49,2179.5, - 25,0
109/12/19,930 台東市,LB1 小白菜 土白菜 ,40.0,23.0,13.0,26.0,    0,893.0, + 12,0
109/12/19,540 南投市,LB1 小白菜 土白菜 ,25.0,21.0,10.0,20.65, -  0,201.0, +107,0
109/12/19,400 台中市,LB1 小白菜 土白菜 ,17.2,9.2,6.8,9.0, -  5,866.0, +143,0
109/12/19,109 台北一,LB12 小白菜 土白菜 未洗,25.7,13.5,6.0,14.4, - 21,7650.0, + 31,0
109/12/19,900 屏東市,LB1 小白菜 土白菜 ,18.9,8.7,3.4,8.7, - 31,1393.0, +  1,0
109/12/19,338 桃　農,LB1 小白菜 土白菜 ,9.3,7.0,5.2,7.1, - 29,220.0, + 83,0
109/12/19,830 鳳山區,LB1 小白菜 土白菜 ,21.5,14.8,12.7,15.7, -  2,1900.0, + 34,0
109/12/19,241 三重區,LB1 小白菜 土白菜 ,24.9,9.5,7.9,12.2, - 31,955.0, +338,0
109/12/19,648 西螺鎮,LB12 小白菜 土白菜 未洗,32.4,22.9,15.0,23.2, + 13,7233.0, -  3,0
109/12/19,420 豐原區,LB1 小白菜 土白菜 ,14.0,12.4,5.0,11.25, + 13,800.0, +999,0
109/12/20,800 高雄市,LB11 小白菜 土白菜 洗,41.8,33.4,9.3,30.3, -  6,3660.0, +  3,0
109/12/20,830 鳳山區,LB1 小白菜 土白菜 ,20.0,14.7,11.5,15.1, -  4,2100.0, + 11,0
109/12/20,400 台中市,LB1 小白菜 土白菜 ,11.8,8.1,5.5,7.9, - 12,973.0, + 12,0
109/12/20,900 屏東市,LB1 小白菜 土白菜 ,20.2,12.3,3.2,12.1, + 39,1543.0, + 11,0
109/12/20,109 台北一,LB12 小白菜 土白菜 未洗,30.7,15.8,5.0,16.6, + 15,7049.0, -  8,0
109/12/20,540 南投市,LB1 小白菜 土白菜 ,31.0,24.0,18.0,23.13, + 12,157.0, - 22,0
109/12/20,930 台東市,LB1 小白菜 土白菜 ,40.0,23.0,13.0,30.0, + 15,903.0, +  1,0
109/12/20,514 溪湖鎮,LB1 小白菜 土白菜 ,25.0,18.4,10.0,18.0, + 11,758.0, -  0,0
109/12/20,241 三重區,LB1 小白菜 土白菜 ,21.1,6.6,6.0,9.4, - 23,1055.0, + 10,0
109/12/20,260 宜蘭市,LB1 小白菜 土白菜 ,27.0,17.0,13.0,17.0, - 15,2460.0, -  3,0
109/12/20,220 板橋區,LB1 小白菜 土白菜 ,18.2,13.9,12.0,14.4, -  9,3606.0, + 65,0
109/12/20,104 台北二,LB12 小白菜 土白菜 未洗,29.0,18.4,6.7,18.2, +  8,1718.0, - 23,0
109/12/20,338 桃　農,LB1 小白菜 土白菜 ,24.0,11.0,6.5,12.7, + 79,580.0, +164,0
109/12/21,514 溪湖鎮,LB1 小白菜 土白菜 ,25.0,20.0,10.0,18.0,    0,720.0, -  5,0
109/12/21,648 西螺鎮,LB12 小白菜 土白菜 未洗,32.3,23.7,15.0,23.8, +  3,7461.0, +  3,0
109/12/22,514 溪湖鎮,LB1 小白菜 土白菜 ,26.0,16.7,10.0,17.2, -  4,753.0, +  5,0
109/12/22,338 桃　農,LB1 小白菜 土白菜 ,22.5,11.2,6.0,12.4, -  2,320.0, - 45,0
109/12/22,104 台北二,LB12 小白菜 土白菜 未洗,34.1,21.2,11.5,21.8, + 20,2036.0, + 19,0
109/12/22,260 宜蘭市,LB1 小白菜 土白菜 ,32.0,22.0,15.0,22.0, + 29,2530.0, +  3,0
109/12/22,220 板橋區,LB1 小白菜 土白菜 ,20.8,14.6,11.6,15.3, +  6,4415.7, + 22,0
109/12/22,420 豐原區,LB1 小白菜 土白菜 ,20.0,20.0,20.0,20.0, + 78,40.0, - 95,0
109/12/22,241 三重區,LB1 小白菜 土白菜 ,35.3,17.9,10.0,19.8, +111,900.0, - 15,0
109/12/22,540 南投市,LB1 小白菜 土白菜 ,27.0,19.0,15.0,18.46, - 20,300.0, + 91,0
109/12/22,930 台東市,LB1 小白菜 土白菜 ,40.0,25.0,15.0,26.0, - 13,622.0, - 31,0
109/12/22,830 鳳山區,LB1 小白菜 土白菜 ,32.3,18.4,11.7,19.8, + 31,1510.0, - 28,0
109/12/22,648 西螺鎮,LB12 小白菜 土白菜 未洗,27.6,21.7,12.5,21.3, - 11,7995.0, +  7,0
109/12/22,400 台中市,LB1 小白菜 土白菜 ,22.4,13.2,8.4,13.0, + 65,840.0, - 14,0
109/12/22,109 台北一,LB12 小白菜 土白菜 未洗,31.5,23.0,7.4,21.6, + 30,6162.0, - 13,0
109/12/22,800 高雄市,LB11 小白菜 土白菜 洗,40.0,33.2,20.1,31.9, +  5,3469.0, -  5,0
109/12/22,900 屏東市,LB1 小白菜 土白菜 ,31.5,21.6,12.5,21.6, + 79,1583.0, +  3,0
109/12/23,241 三重區,LB1 小白菜 土白菜 ,20.6,15.7,8.4,15.2, - 23,1650.0, + 83,0
109/12/23,648 西螺鎮,LB12 小白菜 土白菜 未洗,21.5,17.3,10.0,17.3, - 19,9072.0, + 13,0
109/12/23,420 豐原區,LB1 小白菜 土白菜 ,23.0,11.2,6.0,12.51, - 37,980.0, +999,0
109/12/23,400 台中市,LB1 小白菜 土白菜 ,18.0,15.5,11.2,15.0, + 15,871.0, +  4,0
109/12/23,514 溪湖鎮,LB1 小白菜 土白菜 ,27.5,20.7,12.5,20.4, + 19,710.0, -  6,0
109/12/23,800 高雄市,LB11 小白菜 土白菜 洗,37.8,29.4,16.1,28.4, - 11,3691.0, +  6,0
109/12/23,104 台北二,LB12 小白菜 土白菜 未洗,22.2,14.3,8.9,14.8, - 32,4403.0, +116,0
109/12/23,930 台東市,LB1 小白菜 土白菜 ,40.0,22.0,13.0,26.0,    0,737.0, + 18,0
109/12/23,900 屏東市,LB1 小白菜 土白菜 ,26.1,20.4,12.5,20.0, -  7,2398.0, + 51,0
109/12/23,338 桃　農,LB1 小白菜 土白菜 ,30.4,20.3,18.0,21.9, + 77,100.0, - 69,0
109/12/23,540 南投市,LB1 小白菜 土白菜 ,20.0,14.0,4.5,13.88, - 25,431.0, + 44,0
109/12/23,220 板橋區,LB1 小白菜 土白菜 ,22.6,18.7,10.8,17.9, + 17,3021.0, - 32,0
109/12/23,830 鳳山區,LB1 小白菜 土白菜 ,25.5,17.0,12.2,17.7, - 11,1800.0, + 19,0
109/12/23,109 台北一,LB12 小白菜 土白菜 未洗,25.2,15.9,8.9,16.4, - 24,8006.0, + 30,0
109/12/24,648 西螺鎮,LB12 小白菜 土白菜 未洗,21.2,17.3,10.0,16.8, -  3,9493.0, +  5,0
109/12/24,930 台東市,LB1 小白菜 土白菜 ,40.0,23.0,14.0,25.0, -  4,723.0, -  2,0
109/12/24,540 南投市,LB1 小白菜 土白菜 ,40.0,13.0,7.0,11.95, - 14,303.0, - 30,0
109/12/24,104 台北二,LB12 小白菜 土白菜 未洗,19.9,13.0,6.8,13.1, - 11,2680.0, - 39,0
109/12/24,109 台北一,LB12 小白菜 土白菜 未洗,31.6,14.6,6.7,16.5, +  1,6477.0, - 19,0
109/12/24,514 溪湖鎮,LB1 小白菜 土白菜 ,27.5,22.5,12.5,20.5, +  0,700.0, -  1,0
109/12/24,241 三重區,LB1 小白菜 土白菜 ,20.0,13.3,8.3,13.6, - 11,1167.0, - 29,0
109/12/24,220 板橋區,LB1 小白菜 土白菜 ,18.4,14.9,9.7,14.6, - 18,2565.0, - 15,0
109/12/24,900 屏東市,LB1 小白菜 土白菜 ,19.5,15.4,10.1,15.1, - 25,2695.0, + 12,0
109/12/24,338 桃　農,LB1 小白菜 土白菜 ,27.0,16.3,12.0,17.6, - 20,240.0, +140,0
109/12/24,400 台中市,LB1 小白菜 土白菜 ,18.2,10.9,6.5,10.7, - 29,891.0, +  2,0
109/12/24,830 鳳山區,LB1 小白菜 土白菜 ,25.5,18.0,14.1,18.7, +  6,1530.0, - 15,0
109/12/24,800 高雄市,LB11 小白菜 土白菜 洗,35.5,26.3,8.7,24.6, - 13,4070.0, + 10,0
109/12/25,241 三重區,LB1 小白菜 土白菜 ,19.8,10.0,5.0,11.0, - 19,1296.0, + 11,0
109/12/25,648 西螺鎮,LB12 小白菜 土白菜 未洗,20.1,17.2,10.0,16.5, -  2,11220.0, + 18,0
109/12/25,830 鳳山區,LB1 小白菜 土白菜 ,22.1,15.4,10.8,15.8, - 16,1874.0, + 22,0
109/12/25,930 台東市,LB1 小白菜 土白菜 ,40.0,25.0,16.0,25.0,    0,772.0, +  7,0
109/12/25,400 台中市,LB1 小白菜 土白菜 ,14.3,7.6,3.3,7.0, - 35,1156.0, + 30,0
109/12/25,420 豐原區,LB1 小白菜 土白菜 ,15.0,12.8,5.0,11.67,  -  ,60.0,  -  ,0
109/12/25,260 宜蘭市,LB1 小白菜 土白菜 ,22.0,15.0,10.0,15.0, - 32,2560.0, +  1,0
109/12/25,800 高雄市,LB11 小白菜 土白菜 洗,33.2,23.1,6.8,21.8, - 11,4690.0, + 15,0
109/12/25,220 板橋區,LB1 小白菜 土白菜 ,58.0,23.6,10.0,27.7, + 90,3486.5, + 36,0
109/12/25,540 南投市,LB1 小白菜 土白菜 ,20.0,11.0,3.5,9.88, - 17,394.0, + 30,0
109/12/25,514 溪湖鎮,LB1 小白菜 土白菜 ,22.2,16.3,10.0,16.2, - 21,780.0, + 11,0
109/12/25,109 台北一,LB12 小白菜 土白菜 未洗,22.9,13.5,5.0,13.7, - 17,7951.0, + 23,0
109/12/25,900 屏東市,LB1 小白菜 土白菜 ,22.0,13.5,5.4,13.5, - 11,5419.0, +101,0
109/12/25,104 台北二,LB12 小白菜 土白菜 未洗,21.6,14.2,6.6,14.2, +  8,2744.0, +  2,0
109/12/25,338 桃　農,LB1 小白菜 土白菜 ,17.0,14.6,11.2,14.4, - 18,260.0, +  8,0
109/12/26,420 豐原區,LB1 小白菜 土白菜 ,14.7,6.7,3.0,7.55, - 35,1060.0, +999,0
109/12/26,800 高雄市,LB11 小白菜 土白菜 洗,32.0,27.6,9.1,24.8, + 14,5090.0, +  9,0
109/12/26,241 三重區,LB1 小白菜 土白菜 ,20.5,9.7,5.0,10.9, -  1,1130.0, - 13,0
109/12/26,648 西螺鎮,LB12 小白菜 土白菜 未洗,20.0,17.3,10.0,16.5,    0,11840.0, +  6,0
109/12/26,540 南投市,LB1 小白菜 土白菜 ,15.0,8.0,5.0,7.8, - 21,340.0, - 14,0
109/12/26,109 台北一,LB12 小白菜 土白菜 未洗,25.4,13.0,5.2,13.9, +  1,6988.0, - 12,0
109/12/26,900 屏東市,LB1 小白菜 土白菜 ,21.0,16.2,8.0,15.5, + 15,3693.0, - 32,0
109/12/26,514 溪湖鎮,LB1 小白菜 土白菜 ,22.5,16.3,10.0,16.3, +  1,760.0, -  3,0
109/12/26,400 台中市,LB1 小白菜 土白菜 ,14.0,6.2,4.0,6.7, -  4,290.0, - 75,0
109/12/26,830 鳳山區,LB1 小白菜 土白菜 ,21.3,14.8,10.9,15.3, -  3,1990.0, +  6,0
109/12/26,104 台北二,LB12 小白菜 土白菜 未洗,21.4,11.1,4.6,11.8, - 17,2882.0, +  5,0
109/12/26,220 板橋區,LB1 小白菜 土白菜 ,18.0,13.1,6.2,12.7, - 54,2303.5, - 34,0
109/12/26,930 台東市,LB1 小白菜 土白菜 ,40.0,23.0,13.0,25.0,    0,772.0,    0,0
109/12/26,338 桃　農,LB1 小白菜 土白菜 ,20.0,18.9,13.9,18.1, + 26,266.0, +  2,0
109/12/27,104 台北二,LB12 小白菜 土白菜 未洗,19.2,13.5,7.6,13.5, + 14,3453.0, + 20,0
109/12/27,830 鳳山區,LB1 小白菜 土白菜 ,22.9,13.8,11.7,15.2, -  1,1910.0, -  4,0
109/12/27,260 宜蘭市,LB1 小白菜 土白菜 ,20.0,14.0,10.0,14.0, -  7,2520.0, -  2,0
109/12/27,220 板橋區,LB1 小白菜 土白菜 ,16.3,14.0,11.7,14.0, + 10,1519.0, - 34,0
109/12/27,109 台北一,LB12 小白菜 土白菜 未洗,22.3,12.1,4.2,12.6, -  9,7925.0, + 13,0
109/12/27,338 桃　農,LB1 小白菜 土白菜 ,15.0,8.8,2.1,8.7, - 52,680.0, +156,0
109/12/27,540 南投市,LB1 小白菜 土白菜 ,25.0,13.0,7.0,12.45, + 60,287.0, - 16,0
109/12/27,900 屏東市,LB1 小白菜 土白菜 ,20.0,9.3,2.0,9.3, - 40,3379.0, -  9,0
109/12/27,514 溪湖鎮,LB1 小白菜 土白菜 ,20.0,17.5,10.0,15.8, -  3,750.0, -  1,0
109/12/27,241 三重區,LB1 小白菜 土白菜 ,15.3,7.5,4.0,8.3, - 24,1373.0, + 22,0
109/12/27,930 台東市,LB1 小白菜 土白菜 ,40.0,27.0,15.0,27.0, +  8,823.0, +  7,0
109/12/27,400 台中市,LB1 小白菜 土白菜 ,9.2,4.4,3.0,4.8, - 28,1040.0, +259,0
109/12/27,800 高雄市,LB11 小白菜 土白菜 洗,31.7,23.3,3.3,21.0, - 15,5004.0, -  2,0
109/12/28,514 溪湖鎮,LB1 小白菜 土白菜 ,20.0,16.0,10.0,15.0, -  5,760.0, +  1,0
109/12/28,648 西螺鎮,LB12 小白菜 土白菜 未洗,20.0,17.2,10.0,16.3, -  1,11981.0, +  1,0
109/12/29,900 屏東市,LB1 小白菜 土白菜 ,17.6,10.3,3.4,10.3, + 11,2263.0, - 33,0
109/12/29,104 台北二,LB12 小白菜 土白菜 未洗,18.9,13.7,7.3,13.4, -  1,3178.0, -  8,0
109/12/29,830 鳳山區,LB1 小白菜 土白菜 ,21.1,13.3,11.8,14.6, -  4,1550.0, - 19,0
109/12/29,648 西螺鎮,LB12 小白菜 土白菜 未洗,20.0,17.0,10.0,16.2, -  1,10837.0, - 10,0
109/12/29,241 三重區,LB1 小白菜 土白菜 ,16.8,7.0,4.0,8.4, +  1,1188.0, - 13,0
109/12/29,930 台東市,LB1 小白菜 土白菜 ,40.0,20.0,12.0,20.0, - 26,789.0, -  4,0
109/12/29,109 台北一,LB12 小白菜 土白菜 未洗,22.2,12.9,4.7,13.1, +  4,8100.0, +  2,0
109/12/29,800 高雄市,LB11 小白菜 土白菜 洗,31.8,25.2,6.0,22.7, +  8,6027.0, + 20,0
109/12/29,540 南投市,LB1 小白菜 土白菜 ,20.0,15.0,10.0,14.07, + 13,225.0, - 22,0
109/12/29,338 桃　農,LB1 小白菜 土白菜 ,20.7,3.8,2.0,6.9, - 21,1400.0, +106,0
109/12/29,220 板橋區,LB1 小白菜 土白菜 ,26.7,12.0,7.9,14.1, +  1,4247.2, +180,0
109/12/29,514 溪湖鎮,LB1 小白菜 土白菜 ,20.0,16.3,10.0,15.8, +  5,770.0, +  1,0
109/12/29,400 台中市,LB1 小白菜 土白菜 ,15.6,7.7,4.8,7.3, + 52,971.0, -  7,0
109/12/30,800 高雄市,LB11 小白菜 土白菜 洗,32.7,28.2,18.5,27.1, + 19,4235.0, - 30,0
109/12/30,900 屏東市,LB1 小白菜 土白菜 ,17.8,11.2,6.4,11.2, +  9,1463.0, - 35,0
109/12/30,109 台北一,LB12 小白菜 土白菜 未洗,23.0,13.2,7.0,13.9, +  6,6373.0, - 21,0
109/12/30,104 台北二,LB12 小白菜 土白菜 未洗,17.4,12.4,6.1,12.2, -  9,3179.0, +  0,0
109/12/30,830 鳳山區,LB1 小白菜 土白菜 ,20.0,13.9,9.1,14.2, -  3,1270.0, - 18,0
109/12/30,420 豐原區,LB1 小白菜 土白菜 ,7.0,7.0,7.0,7.0,  -  ,400.0,  -  ,0
109/12/30,241 三重區,LB1 小白菜 土白菜 ,15.7,11.6,5.6,11.2, + 33,760.0, - 36,0
109/12/30,400 台中市,LB1 小白菜 土白菜 ,18.7,8.0,3.0,8.2, + 12,490.0, - 50,0
109/12/30,338 桃　農,LB1 小白菜 土白菜 ,17.4,10.5,4.8,10.7, + 55,340.0, - 76,0
109/12/30,930 台東市,LB1 小白菜 土白菜 ,40.0,25.0,13.0,25.0, + 25,807.0, +  2,0
109/12/30,648 西螺鎮,LB12 小白菜 土白菜 未洗,20.0,17.1,10.0,15.9, -  2,9896.0, -  9,0
109/12/30,540 南投市,LB1 小白菜 土白菜 ,25.0,12.0,4.0,11.14, - 21,206.0, -  8,0
109/12/30,514 溪湖鎮,LB1 小白菜 土白菜 ,20.0,16.3,10.0,15.8,    0,780.0, +  1,0
109/12/30,220 板橋區,LB1 小白菜 土白菜 ,15.5,12.1,7.6,11.9, - 16,2426.0, - 43,0
109/12/31,930 台東市,LB1 小白菜 土白菜 ,40.0,23.0,14.0,25.0,    0,906.0, + 12,0
109/12/31,338 桃　農,LB1 小白菜 土白菜 ,20.0,17.9,15.0,17.7, + 65,140.0, - 59,0
109/12/31,900 屏東市,LB1 小白菜 土白菜 ,19.2,11.3,4.8,11.3, +  1,1503.0, +  3,0
109/12/31,109 台北一,LB12 小白菜 土白菜 未洗,20.2,15.5,6.0,14.6, +  5,7053.0, + 11,0
109/12/31,104 台北二,LB12 小白菜 土白菜 未洗,17.7,11.7,7.8,12.2,    0,3109.0, -  2,0
109/12/31,420 豐原區,LB1 小白菜 土白菜 ,12.0,12.0,12.0,12.0, + 71,40.0, - 90,0
109/12/31,540 南投市,LB1 小白菜 土白菜 ,27.0,14.0,10.0,13.82, + 24,97.0, - 53,0
109/12/31,220 板橋區,LB1 小白菜 土白菜 ,65.9,14.8,11.0,24.2, +103,1916.0, - 21,0
109/12/31,241 三重區,LB1 小白菜 土白菜 ,12.3,5.8,5.0,7.0, - 37,570.0, - 25,0
109/12/31,800 高雄市,LB11 小白菜 土白菜 洗,31.9,27.5,11.9,25.2, -  7,4085.0, -  4,0
109/12/31,514 溪湖鎮,LB1 小白菜 土白菜 ,20.0,17.4,10.0,15.7, -  1,770.0, -  1,0
109/12/31,648 西螺鎮,LB12 小白菜 土白菜 未洗,21.0,17.2,10.0,17.5, + 10,9345.0, -  6,0
109/12/31,400 台中市,LB1 小白菜 土白菜 ,11.8,7.8,5.0,7.6, -  7,868.0, + 77,0
110/01/01,109 台北一,LB12 小白菜 土白菜 未洗,23.1,14.9,4.6,14.4, -  1,5881.0, - 17,0
110/01/01,540 南投市,LB1 小白菜 土白菜 ,15.0,10.0,3.0,9.54, - 31,164.0, + 69,0
110/01/01,104 台北二,LB12 小白菜 土白菜 未洗,22.0,16.2,9.1,15.9, + 30,1642.0, - 47,0
110/01/01,514 溪湖鎮,LB1 小白菜 土白菜 ,20.0,17.0,10.0,15.5, -  1,780.0, +  1,0
110/01/01,400 台中市,LB1 小白菜 土白菜 ,15.7,11.3,6.3,9.0, + 18,763.0, - 12,0
110/01/01,648 西螺鎮,LB12 小白菜 土白菜 未洗,25.0,19.3,10.0,18.6, +  6,7849.0, - 16,0
110/01/01,930 台東市,LB1 小白菜 土白菜 ,40.0,22.0,12.0,23.0, -  8,903.0, -  0,0
110/01/01,800 高雄市,LB11 小白菜 土白菜 洗,37.0,30.8,6.9,27.2, +  8,2900.0, - 29,0
110/01/01,830 鳳山區,LB1 小白菜 土白菜 ,20.0,14.1,12.0,14.9, +  5,2070.0, + 63,0
110/01/01,338 桃　農,LB1 小白菜 土白菜 ,20.0,19.3,19.0,19.4, + 10,160.0, + 14,0
110/01/01,241 三重區,LB1 小白菜 土白菜 ,14.0,5.0,4.8,6.8, -  3,830.0, + 46,0
110/01/01,220 板橋區,LB1 小白菜 土白菜 ,17.9,14.5,11.8,14.6, - 40,1969.0, +  3,0
110/01/01,900 屏東市,LB1 小白菜 土白菜 ,20.0,10.5,1.9,10.5, -  7,703.0, - 53,0
110/01/02,540 南投市,LB1 小白菜 土白菜 ,35.0,11.0,5.0,10.22, +  7,237.0, + 45,0
110/01/02,800 高雄市,LB11 小白菜 土白菜 洗,42.0,34.1,7.2,30.3, + 11,2970.0, +  2,0
110/01/02,420 豐原區,LB1 小白菜 土白菜 ,15.0,10.0,5.0,10.0,  -  ,600.0,  -  ,0
110/01/02,900 屏東市,LB1 小白菜 土白菜 ,24.6,17.7,9.0,17.3, + 65,1062.0, + 51,0
110/01/02,109 台北一,LB12 小白菜 土白菜 未洗,24.0,14.3,5.6,14.5, +  1,7889.0, + 34,0
110/01/02,930 台東市,LB1 小白菜 土白菜 ,40.0,21.0,12.0,23.0,    0,769.0, - 15,0
110/01/02,514 溪湖鎮,LB1 小白菜 土白菜 ,20.0,16.3,10.0,15.8, +  2,800.0, +  3,0
110/01/02,241 三重區,LB1 小白菜 土白菜 ,17.5,12.2,6.0,12.0, + 76,1115.0, + 34,0
110/01/02,400 台中市,LB1 小白菜 土白菜 ,19.5,14.0,7.0,11.9, + 32,453.0, - 41,0
110/01/02,648 西螺鎮,LB12 小白菜 土白菜 未洗,30.0,23.1,15.0,22.5, + 21,7162.0, -  9,0
110/01/02,220 板橋區,LB1 小白菜 土白菜 ,16.5,14.1,12.1,14.2, -  3,1800.0, -  9,0
110/01/02,338 桃　農,LB1 小白菜 土白菜 ,21.4,6.0,2.0,8.3, - 57,414.0, +159,0
110/01/02,830 鳳山區,LB1 小白菜 土白菜 ,21.0,14.1,12.0,15.0, +  1,1800.0, - 13,0
110/01/02,104 台北二,LB12 小白菜 土白菜 未洗,25.9,15.2,6.5,15.6, -  2,2967.0, + 81,0
110/01/03,930 台東市,LB1 小白菜 土白菜 ,40.0,22.0,13.0,23.0,    0,867.0, + 13,0
110/01/03,400 台中市,LB1 小白菜 土白菜 ,14.8,9.1,5.4,8.8, - 26,1314.0, +190,0
110/01/03,109 台北一,LB12 小白菜 土白菜 未洗,29.7,17.2,5.7,17.4, + 20,7778.0, -  1,0
110/01/03,241 三重區,LB1 小白菜 土白菜 ,22.6,9.8,5.7,11.6, -  3,605.0, - 46,0
110/01/03,260 宜蘭市,LB1 小白菜 土白菜 ,28.0,20.0,13.0,20.0,  -  ,2250.0,  -  ,0
110/01/03,830 鳳山區,LB1 小白菜 土白菜 ,20.0,14.0,12.1,14.8, -  1,1890.0, +  5,0
110/01/03,800 高雄市,LB11 小白菜 土白菜 洗,42.0,36.7,14.5,33.3, + 10,2200.0, - 26,0
110/01/03,338 桃　農,LB1 小白菜 土白菜 ,24.1,9.3,3.1,11.0, + 33,560.0, + 35,0
110/01/03,514 溪湖鎮,LB1 小白菜 土白菜 ,22.4,16.3,10.0,16.2, +  3,770.0, -  4,0
110/01/03,104 台北二,LB12 小白菜 土白菜 未洗,34.0,19.1,7.3,19.7, + 26,2365.0, - 20,0
110/01/03,900 屏東市,LB1 小白菜 土白菜 ,29.0,19.0,8.6,18.9, +  9,1083.0, +  2,0
110/01/03,220 板橋區,LB1 小白菜 土白菜 ,19.7,15.2,13.2,15.7, + 11,2470.0, + 37,0
110/01/03,540 南投市,LB1 小白菜 土白菜 ,354.0,11.0,6.0,10.91, +  7,283.0, + 19,0
110/01/04,648 西螺鎮,LB12 小白菜 土白菜 未洗,34.7,24.6,15.0,24.7, + 10,7180.0, +  0,0
110/01/04,514 溪湖鎮,LB1 小白菜 土白菜 ,22.4,17.5,10.0,16.2,    0,770.0,    0,0
110/01/05,241 三重區,LB1 小白菜 土白菜 ,20.1,6.7,4.3,8.9, - 23,902.0, + 49,0
110/01/05,220 板橋區,LB1 小白菜 土白菜 ,26.9,15.4,7.7,16.1, +  3,3978.2, + 61,0
110/01/05,930 台東市,LB1 小白菜 土白菜 ,40.0,20.0,14.0,21.0, -  9,769.0, - 11,0
110/01/05,830 鳳山區,LB1 小白菜 土白菜 ,26.3,18.5,13.8,19.1, + 29,1616.0, - 14,0
110/01/05,109 台北一,LB12 小白菜 土白菜 未洗,33.4,17.0,5.7,18.0, +  3,9766.0, + 26,0
110/01/05,260 宜蘭市,LB1 小白菜 土白菜 ,25.0,15.0,10.0,15.0, - 25,2060.0, -  8,0
110/01/05,800 高雄市,LB11 小白菜 土白菜 洗,51.0,38.0,5.1,34.0, +  2,2477.0, + 13,0
110/01/05,900 屏東市,LB1 小白菜 土白菜 ,26.1,15.4,6.7,15.4, - 19,1903.0, + 76,0
110/01/05,540 南投市,LB1 小白菜 土白菜 ,35.0,8.0,6.0,17.78, + 63,263.0, -  7,0
110/01/05,514 溪湖鎮,LB1 小白菜 土白菜 ,25.0,20.0,10.0,18.0, + 11,780.0, +  1,0
110/01/05,104 台北二,LB12 小白菜 土白菜 未洗,34.1,14.8,7.2,17.2, - 13,3411.0, + 44,0
110/01/05,648 西螺鎮,LB12 小白菜 土白菜 未洗,35.6,24.3,15.0,25.1, +  2,7362.0, +  3,0
110/01/05,400 台中市,LB1 小白菜 土白菜 ,19.0,10.6,6.8,10.3, + 17,1285.0, -  2,0
110/01/05,338 桃　農,LB1 小白菜 土白菜 ,22.6,10.5,6.7,12.2, + 11,460.0, - 18,0
110/01/06,109 台北一,LB12 小白菜 土白菜 未洗,36.0,21.7,9.4,22.1, + 23,5904.0, - 40,0
110/01/06,400 台中市,LB1 小白菜 土白菜 ,20.6,13.5,8.2,12.6, + 22,1102.0, - 14,0
110/01/06,338 桃　農,LB1 小白菜 土白菜 ,30.0,25.3,18.8,25.0, +105,170.0, - 63,0
110/01/06,930 台東市,LB1 小白菜 土白菜 ,40.0,24.0,18.0,24.0, + 14,716.0, -  7,0
110/01/06,540 南投市,LB1 小白菜 土白菜 ,35.0,17.0,7.0,16.83, -  5,185.0, - 30,0
110/01/06,648 西螺鎮,LB12 小白菜 土白菜 未洗,39.9,28.0,17.5,28.2, + 12,6188.0, - 16,0
110/01/06,800 高雄市,LB11 小白菜 土白菜 洗,52.0,46.2,39.6,46.0, + 35,2016.0, - 19,0
110/01/06,900 屏東市,LB1 小白菜 土白菜 ,25.7,24.8,16.5,23.3, + 51,4216.0, +122,0
110/01/06,420 豐原區,LB1 小白菜 土白菜 ,15.0,15.0,15.0,15.0,  -  ,700.0,  -  ,0
110/01/06,830 鳳山區,LB1 小白菜 土白菜 ,25.0,17.3,12.8,17.9, -  6,1670.0, +  3,0
110/01/06,220 板橋區,LB1 小白菜 土白菜 ,24.8,15.7,11.8,16.8, +  4,1986.0, - 50,0
110/01/06,514 溪湖鎮,LB1 小白菜 土白菜 ,25.0,20.0,10.0,18.0,    0,780.0,    0,0
110/01/06,104 台北二,LB12 小白菜 土白菜 未洗,36.7,23.4,7.0,22.8, + 33,1705.0, - 50,0
110/01/06,241 三重區,LB1 小白菜 土白菜 ,36.9,14.8,8.2,17.9, +101,505.0, - 44,0
110/01/07,260 宜蘭市,LB1 小白菜 土白菜 ,30.0,20.0,13.0,20.0,  -  ,2150.0,  -  ,0
110/01/07,800 高雄市,LB11 小白菜 土白菜 洗,54.0,50.0,36.9,48.2, +  5,1950.0, -  3,0
110/01/07,400 台中市,LB1 小白菜 土白菜 ,18.3,13.6,10.3,13.7, +  9,750.0, - 32,0
110/01/07,830 鳳山區,LB1 小白菜 土白菜 ,26.3,15.7,12.0,17.1, -  4,1846.0, + 11,0
110/01/07,104 台北二,LB12 小白菜 土白菜 未洗,40.3,20.5,10.0,22.3, -  2,1939.0, + 14,0
110/01/07,540 南投市,LB1 小白菜 土白菜 ,22.0,14.0,5.0,13.7, - 19,163.0, - 12,0
110/01/07,241 三重區,LB1 小白菜 土白菜 ,26.2,17.8,9.5,17.8, -  1,786.0, + 56,0
110/01/07,109 台北一,LB12 小白菜 土白菜 未洗,39.0,23.0,10.1,23.6, +  7,6016.0, +  2,0
110/01/07,514 溪湖鎮,LB1 小白菜 土白菜 ,27.5,20.6,12.5,20.3, + 13,760.0, -  3,0
110/01/07,900 屏東市,LB1 小白菜 土白菜 ,25.0,20.0,14.5,19.9, - 15,1513.0, - 64,0
110/01/07,338 桃　農,LB1 小白菜 土白菜 ,36.0,29.7,25.0,30.0, + 20,176.0, +  4,0
110/01/07,930 台東市,LB1 小白菜 土白菜 ,60.0,28.0,16.0,24.0,    0,792.0, + 11,0
110/01/07,220 板橋區,LB1 小白菜 土白菜 ,37.7,21.4,12.7,22.9, + 36,2229.0, + 12,0
110/01/07,648 西螺鎮,LB12 小白菜 土白菜 未洗,42.3,31.7,20.0,29.3, +  4,6623.0, +  7,0
110/01/08,830 鳳山區,LB1 小白菜 土白菜 ,35.6,20.7,14.9,22.5, + 32,1420.0, - 23,0
110/01/08,104 台北二,LB12 小白菜 土白菜 未洗,41.1,31.2,15.6,30.1, + 35,1555.0, - 20,0
110/01/08,540 南投市,LB1 小白菜 土白菜 ,30.0,16.0,5.0,15.03, + 10,254.0, + 56,0
110/01/08,514 溪湖鎮,LB1 小白菜 土白菜 ,30.0,23.2,15.0,22.9, + 13,761.0, +  0,0
110/01/08,241 三重區,LB1 小白菜 土白菜 ,33.8,18.2,10.7,19.8, + 11,660.0, - 16,0
110/01/08,900 屏東市,LB1 小白菜 土白菜 ,34.6,24.7,19.9,24.7, + 24,2768.0, + 83,0
110/01/08,109 台北一,LB12 小白菜 土白菜 未洗,45.0,34.8,15.0,32.9, + 39,4144.0, - 31,0
110/01/08,338 桃　農,LB1 小白菜 土白菜 ,38.1,30.7,22.0,30.5, +  2,110.0, - 38,0
110/01/08,648 西螺鎮,LB12 小白菜 土白菜 未洗,41.8,31.7,20.0,30.7, +  5,6931.0, +  5,0
110/01/08,930 台東市,LB1 小白菜 土白菜 ,60.0,35.0,23.0,36.0, + 50,698.0, - 12,0
110/01/08,400 台中市,LB1 小白菜 土白菜 ,26.0,20.7,15.0,20.1, + 47,195.0, - 74,0
110/01/08,800 高雄市,LB11 小白菜 土白菜 洗,57.0,50.9,41.7,50.2, +  4,2670.0, + 37,0
110/01/08,220 板橋區,LB1 小白菜 土白菜 ,49.2,22.2,17.9,26.8, + 17,1993.5, - 11,0
110/01/09,514 溪湖鎮,LB1 小白菜 土白菜 ,32.5,24.7,15.0,23.4, +  2,700.0, -  8,0
110/01/09,400 台中市,LB1 小白菜 土白菜 ,21.5,10.8,9.8,11.9, - 41,1178.0, +504,0
110/01/09,900 屏東市,LB1 小白菜 土白菜 ,34.2,21.7,10.9,21.7, - 12,2520.0, -  9,0
110/01/09,241 三重區,LB1 小白菜 土白菜 ,19.4,10.1,7.0,11.4, - 42,1076.0, + 63,0
110/01/09,800 高雄市,LB11 小白菜 土白菜 洗,60.0,46.7,6.0,41.2, - 18,2365.0, - 11,0
110/01/09,830 鳳山區,LB1 小白菜 土白菜 ,34.8,22.7,16.1,23.8, +  6,1360.0, -  4,0
110/01/09,338 桃　農,LB1 小白菜 土白菜 ,34.5,19.5,18.0,22.2, - 27,600.0, +445,0
110/01/09,104 台北二,LB12 小白菜 土白菜 未洗,44.6,19.8,8.3,22.5, - 25,2358.0, + 52,0
110/01/09,540 南投市,LB1 小白菜 土白菜 ,21.0,17.0,10.0,16.15, +  7,174.0, - 31,0
110/01/09,109 台北一,LB12 小白菜 土白菜 未洗,45.9,24.4,8.7,25.5, - 22,8634.0, +108,0
110/01/09,648 西螺鎮,LB12 小白菜 土白菜 未洗,45.2,35.7,20.0,35.3, + 15,5640.0, - 19,0
110/01/09,420 豐原區,LB1 小白菜 土白菜 ,15.0,15.0,15.0,15.0,  -  ,800.0,  -  ,0
110/01/09,220 板橋區,LB1 小白菜 土白菜 ,32.5,21.7,18.2,23.2, - 13,1858.0, -  7,0
110/01/09,930 台東市,LB1 小白菜 土白菜 ,60.0,33.0,19.0,36.0,    0,667.0, -  4,0
110/01/10,514 溪湖鎮,LB1 小白菜 土白菜 ,34.5,25.0,15.0,24.9, +  6,638.0, -  9,0
110/01/10,241 三重區,LB1 小白菜 土白菜 ,15.3,9.2,7.0,10.0, - 12,590.0, - 45,0
110/01/10,540 南投市,LB1 小白菜 土白菜 ,30.0,24.0,9.5,23.21, + 44,179.0, +  3,0
110/01/10,400 台中市,LB1 小白菜 土白菜 ,24.8,15.7,11.0,15.8, + 33,751.0, - 36,0
110/01/10,338 桃　農,LB1 小白菜 土白菜 ,36.1,13.8,10.0,17.5, - 21,1660.0, +177,0
110/01/10,930 台東市,LB1 小白菜 土白菜 ,60.0,35.0,20.0,36.0,    0,777.0, + 16,0
110/01/10,220 板橋區,LB1 小白菜 土白菜 ,41.1,26.2,13.0,26.6, + 15,1952.0, +  5,0
110/01/10,109 台北一,LB12 小白菜 土白菜 未洗,48.0,21.8,11.2,24.9, -  2,9842.0, + 14,0
110/01/10,260 宜蘭市,LB1 小白菜 土白菜 ,40.0,23.0,17.0,23.0,  -  ,2470.0,  -  ,0
110/01/10,900 屏東市,LB1 小白菜 土白菜 ,31.9,18.2,6.2,18.2, - 16,2641.0, +  5,0
110/01/10,800 高雄市,LB11 小白菜 土白菜 洗,60.0,47.5,11.0,42.7, +  4,1710.0, - 28,0
110/01/10,830 鳳山區,LB1 小白菜 土白菜 ,34.5,19.6,13.2,21.3, - 11,1430.0, +  5,0
110/01/10,104 台北二,LB12 小白菜 土白菜 未洗,44.7,29.0,10.2,28.4, + 26,2212.0, -  6,0
110/01/10,420 豐原區,LB1 小白菜 土白菜 ,20.0,19.0,18.0,19.0, + 27,40.0, - 95,0
110/01/11,514 溪湖鎮,LB1 小白菜 土白菜 ,34.9,25.1,15.0,25.1, +  1,640.0, +  0,0
110/01/11,648 西螺鎮,LB12 小白菜 土白菜 未洗,46.3,35.6,20.0,33.7, -  5,6547.0, + 16,0
110/01/12,104 台北二,LB12 小白菜 土白菜 未洗,41.6,28.4,14.2,28.2, -  1,4165.0, + 88,0
110/01/12,338 桃　農,LB1 小白菜 土白菜 ,38.2,17.0,6.2,19.1, +  9,1452.0, - 13,0
110/01/12,220 板橋區,LB1 小白菜 土白菜 ,45.0,25.8,12.8,27.0, +  2,2656.9, + 36,0
110/01/12,800 高雄市,LB11 小白菜 土白菜 洗,60.0,51.7,7.8,44.6, +  4,2400.0, + 40,0
110/01/12,648 西螺鎮,LB12 小白菜 土白菜 未洗,46.3,35.7,20.0,34.9, +  4,6888.0, +  5,0
110/01/12,900 屏東市,LB1 小白菜 土白菜 ,43.8,27.6,14.3,27.6, + 52,1841.0, - 30,0
110/01/12,400 台中市,LB1 小白菜 土白菜 ,33.2,22.1,14.8,22.1, + 40,912.0, + 21,0
110/01/12,830 鳳山區,LB1 小白菜 土白菜 ,34.8,19.4,15.1,21.6, +  1,1590.0, + 11,0
110/01/12,109 台北一,LB12 小白菜 土白菜 未洗,46.1,26.8,12.2,27.7, + 11,11752.0, + 19,0
110/01/12,930 台東市,LB1 小白菜 土白菜 ,60.0,35.0,20.0,36.0,    0,947.0, + 22,0
110/01/12,420 豐原區,LB1 小白菜 土白菜 ,6.0,6.0,6.0,6.0, - 68,40.0,    0,0
110/01/12,514 溪湖鎮,LB1 小白菜 土白菜 ,40.0,27.9,17.5,28.2, + 12,600.0, -  6,0
110/01/12,241 三重區,LB1 小白菜 土白菜 ,28.8,22.6,19.6,23.3, +133,660.0, + 12,0
110/01/12,540 南投市,LB1 小白菜 土白菜 ,25.0,21.0,7.0,20.37, - 12,144.0, - 20,0
110/01/13,241 三重區,LB1 小白菜 土白菜 ,40.0,34.4,19.8,32.6, + 40,502.0, - 24,0
110/01/13,220 板橋區,LB1 小白菜 土白菜 ,44.0,31.8,27.2,33.3, + 23,1734.0, - 35,0
110/01/13,830 鳳山區,LB1 小白菜 土白菜 ,36.2,17.8,12.2,20.4, -  6,1510.0, -  5,0
110/01/13,800 高雄市,LB11 小白菜 土白菜 洗,63.0,50.0,11.5,44.9, +  1,2240.0, -  7,0
110/01/13,930 台東市,LB1 小白菜 土白菜 ,60.0,35.0,20.0,38.0, +  6,642.0, - 32,0
110/01/13,338 桃　農,LB1 小白菜 土白菜 ,44.9,20.7,12.0,23.8, + 25,1317.0, -  9,0
110/01/13,648 西螺鎮,LB12 小白菜 土白菜 未洗,50.0,38.7,21.9,36.7, +  5,7516.0, +  9,0
110/01/13,400 台中市,LB1 小白菜 土白菜 ,38.4,20.6,11.2,20.1, -  9,1465.0, + 61,0
110/01/13,109 台北一,LB12 小白菜 土白菜 未洗,47.3,32.6,21.3,33.3, + 20,10345.0, - 12,0
110/01/13,900 屏東市,LB1 小白菜 土白菜 ,39.0,24.7,12.3,24.7, - 11,2186.0, + 19,0
110/01/13,104 台北二,LB12 小白菜 土白菜 未洗,46.3,29.5,17.2,30.4, +  8,4086.0, -  2,0
110/01/13,420 豐原區,LB1 小白菜 土白菜 ,25.0,22.5,20.0,22.5, +275,600.0, +999,0
110/01/13,514 溪湖鎮,LB1 小白菜 土白菜 ,40.0,27.9,17.5,28.2,    0,550.0, -  8,0
110/01/13,260 宜蘭市,LB1 小白菜 土白菜 ,45.0,35.0,25.0,35.0,  -  ,2080.0,  -  ,0
110/01/14,648 西螺鎮,LB12 小白菜 土白菜 未洗,50.0,38.3,22.3,37.3, +  2,7056.0, -  6,0
110/01/14,930 台東市,LB1 小白菜 土白菜 ,60.0,33.0,20.0,38.0,    0,727.0, + 13,0
110/01/14,514 溪湖鎮,LB1 小白菜 土白菜 ,40.0,30.0,17.5,28.3, +  0,550.0,    0,0
110/01/14,830 鳳山區,LB1 小白菜 土白菜 ,40.0,24.5,16.2,25.9, + 27,1020.0, - 32,0
110/01/14,800 高雄市,LB11 小白菜 土白菜 洗,62.0,56.2,48.2,55.8, + 24,1990.0, - 11,0
110/01/14,540 南投市,LB1 小白菜 土白菜 ,30.0,23.0,15.0,21.98,  -  ,185.0,  -  ,0
110/01/15,241 三重區,LB1 小白菜 土白菜 ,40.4,19.9,11.2,22.2, - 32,1650.0, +229,0
110/01/15,109 台北一,LB12 小白菜 土白菜 未洗,48.2,26.9,14.9,28.8, - 14,9871.0, -  5,0
110/01/15,648 西螺鎮,LB12 小白菜 土白菜 未洗,45.9,36.2,20.0,34.9, -  6,9379.0, + 33,0
110/01/15,514 溪湖鎮,LB1 小白菜 土白菜 ,42.0,32.0,20.0,30.4, +  7,500.0, -  9,0
110/01/15,400 台中市,LB1 小白菜 土白菜 ,36.7,28.1,16.5,24.6, + 22,1323.0, - 10,0
110/01/15,104 台北二,LB12 小白菜 土白菜 未洗,45.9,25.9,8.9,26.5, - 13,3827.0, -  6,0
110/01/15,338 桃　農,LB1 小白菜 土白菜 ,31.3,15.0,15.0,18.3, - 23,480.0, - 64,0
110/01/15,800 高雄市,LB11 小白菜 土白菜 洗,62.4,53.9,24.3,49.7, - 11,2990.0, + 50,0
110/01/15,220 板橋區,LB1 小白菜 土白菜 ,59.0,42.9,31.0,43.7, + 31,4526.4, +161,0
110/01/15,930 台東市,LB1 小白菜 土白菜 ,60.0,40.0,27.0,42.0, + 11,680.0, -  6,0
110/01/15,900 屏東市,LB1 小白菜 土白菜 ,41.6,23.9,12.6,23.9, -  3,1833.0, - 16,0
110/01/16,540 南投市,LB1 小白菜 土白菜 ,40.0,29.0,18.0,28.49,  -  ,120.0,  -  ,0
110/01/16,830 鳳山區,LB1 小白菜 土白菜 ,38.4,21.5,15.0,23.6, -  9,1370.0, + 34,0
110/01/16,109 台北一,LB12 小白菜 土白菜 未洗,48.2,23.1,12.8,26.1, -  9,10155.0, +  3,0
110/01/16,930 台東市,LB1 小白菜 土白菜 ,60.0,40.0,27.0,40.0, -  5,637.0, -  6,0
110/01/16,400 台中市,LB1 小白菜 土白菜 ,31.2,19.8,13.5,20.3, - 17,1185.0, - 10,0
110/01/16,241 三重區,LB1 小白菜 土白菜 ,29.4,12.6,9.1,15.3, - 31,995.0, - 40,0
110/01/16,420 豐原區,LB1 小白菜 土白菜 ,33.0,33.0,33.0,33.0,  -  ,300.0,  -  ,0
110/01/16,220 板橋區,LB1 小白菜 土白菜 ,45.0,25.6,9.6,26.3, - 40,2297.0, - 49,0
110/01/16,104 台北二,LB12 小白菜 土白菜 未洗,45.2,22.4,9.8,24.5, -  8,3353.0, - 12,0
110/01/16,800 高雄市,LB11 小白菜 土白菜 洗,63.0,48.0,12.6,43.9, - 12,2210.0, - 26,0
110/01/16,514 溪湖鎮,LB1 小白菜 土白菜 ,42.5,30.4,20.0,30.7, +  1,460.0, -  8,0
110/01/16,338 桃　農,LB1 小白菜 土白菜 ,19.5,12.4,8.6,13.1, - 28,860.0, + 79,0
110/01/16,648 西螺鎮,LB12 小白菜 土白菜 未洗,46.4,36.5,20.0,35.6, +  2,9293.0, -  1,0
110/01/16,900 屏東市,LB1 小白菜 土白菜 ,37.5,21.0,11.2,21.0, - 12,2699.0, + 47,0
110/01/17,900 屏東市,LB1 小白菜 土白菜 ,40.2,23.0,7.3,23.0, + 10,2371.0, - 12,0
110/01/17,220 板橋區,LB1 小白菜 土白菜 ,47.2,25.9,15.7,28.1, +  7,1862.0, - 19,0
110/01/17,930 台東市,LB1 小白菜 土白菜 ,60.0,40.0,23.0,40.0,    0,713.0, + 12,0
110/01/17,830 鳳山區,LB1 小白菜 土白菜 ,37.0,21.0,13.8,22.8, -  3,1340.0, -  2,0
110/01/17,540 南投市,LB1 小白菜 土白菜 ,40.0,24.0,18.0,23.09, - 19,115.0, -  4,0
110/01/17,800 高雄市,LB11 小白菜 土白菜 洗,63.0,43.2,8.3,40.2, -  8,2524.0, + 14,0
110/01/17,338 桃　農,LB1 小白菜 土白菜 ,19.3,10.4,7.0,11.5, - 12,1196.0, + 39,0
110/01/17,400 台中市,LB1 小白菜 土白菜 ,30.6,16.3,9.6,15.9, - 22,1066.0, - 10,0
110/01/17,514 溪湖鎮,LB1 小白菜 土白菜 ,40.0,27.9,17.5,28.3, -  8,460.0,    0,0
110/01/17,241 三重區,LB1 小白菜 土白菜 ,26.1,10.1,8.1,12.9, - 16,964.0, -  3,0
110/01/17,109 台北一,LB12 小白菜 土白菜 未洗,48.3,22.5,9.4,25.1, -  4,10151.0, -  0,0
110/01/17,104 台北二,LB12 小白菜 土白菜 未洗,48.6,24.5,10.0,26.4, +  8,2754.0, - 18,0
110/01/18,648 西螺鎮,LB12 小白菜 土白菜 未洗,46.3,36.8,20.0,34.5, -  3,10351.0, + 11,0
110/01/18,514 溪湖鎮,LB1 小白菜 土白菜 ,38.0,26.8,17.5,27.2, -  4,439.0, -  5,0
110/01/19,104 台北二,LB12 小白菜 土白菜 未洗,49.2,23.5,8.8,25.7, -  3,3163.0, + 15,0
110/01/19,420 豐原區,LB1 小白菜 土白菜 ,15.0,15.0,15.0,15.0,  -  ,20.0,  -  ,0
110/01/19,830 鳳山區,LB1 小白菜 土白菜 ,38.0,22.5,15.9,24.3, +  7,1390.0, +  4,0
110/01/19,241 三重區,LB1 小白菜 土白菜 ,32.0,14.0,8.3,16.4, + 27,1058.0, + 10,0
110/01/19,260 宜蘭市,LB1 小白菜 土白菜 ,42.0,25.0,15.0,25.0,  -  ,1850.0,  -  ,0
110/01/19,514 溪湖鎮,LB1 小白菜 土白菜 ,38.0,27.9,17.5,27.9, +  3,420.0, -  4,0
110/01/19,900 屏東市,LB1 小白菜 土白菜 ,37.8,21.3,11.8,21.3, -  7,2320.0, -  2,0
110/01/19,800 高雄市,LB11 小白菜 土白菜 洗,63.0,51.6,14.1,46.4, + 15,2130.0, - 16,0
110/01/19,109 台北一,LB12 小白菜 土白菜 未洗,50.3,19.6,5.3,22.9, -  9,10545.0, +  4,0
110/01/19,400 台中市,LB1 小白菜 土白菜 ,31.0,15.7,10.1,16.1, +  1,1570.0, + 47,0
110/01/19,648 西螺鎮,LB12 小白菜 土白菜 未洗,46.1,36.7,20.0,34.4, -  0,10188.0, -  2,0
110/01/19,930 台東市,LB1 小白菜 土白菜 ,60.0,40.0,27.0,40.0,    0,787.0, + 10,0
110/01/19,338 桃　農,LB1 小白菜 土白菜 ,24.0,14.6,10.0,15.6, + 36,460.0, - 62,0
110/01/19,220 板橋區,LB1 小白菜 土白菜 ,52.9,26.7,16.5,29.9, +  6,2400.3, + 29,0
110/01/20,800 高雄市,LB11 小白菜 土白菜 洗,58.7,48.1,10.0,42.6, -  8,2860.0, + 34,0
110/01/20,540 南投市,LB1 小白菜 土白菜 ,40.0,26.0,17.0,25.3,  -  ,171.0,  -  ,0
110/01/20,830 鳳山區,LB1 小白菜 土白菜 ,35.4,21.0,8.3,21.3, - 12,1710.0, + 23,0
110/01/20,104 台北二,LB12 小白菜 土白菜 未洗,44.7,20.6,5.9,22.4, - 13,2122.0, - 33,0
110/01/20,420 豐原區,LB1 小白菜 土白菜 ,25.0,17.9,10.0,17.73, + 18,440.0, +999,0
110/01/20,400 台中市,LB1 小白菜 土白菜 ,30.0,9.7,5.0,10.9, - 32,1320.0, - 16,0
110/01/20,514 溪湖鎮,LB1 小白菜 土白菜 ,40.0,27.9,17.5,28.3, +  1,420.0,    0,0
110/01/20,338 桃　農,LB1 小白菜 土白菜 ,19.7,10.2,7.1,11.5, - 26,345.0, - 25,0
110/01/20,220 板橋區,LB1 小白菜 土白菜 ,48.9,24.9,11.7,27.0, - 10,2367.0, -  1,0
110/01/20,930 台東市,LB1 小白菜 土白菜 ,60.0,40.0,27.0,40.0,    0,673.0, - 14,0
110/01/20,109 台北一,LB12 小白菜 土白菜 未洗,49.0,25.9,5.4,26.4, + 15,6384.0, - 39,0
110/01/20,900 屏東市,LB1 小白菜 土白菜 ,31.7,16.6,8.7,16.6, - 22,2041.0, - 12,0
110/01/20,241 三重區,LB1 小白菜 土白菜 ,37.4,12.6,6.0,16.2, -  1,870.0, - 18,0
110/01/20,648 西螺鎮,LB12 小白菜 土白菜 未洗,44.1,34.4,20.0,33.3, -  3,10361.0, +  2,0
110/01/21,104 台北二,LB12 小白菜 土白菜 未洗,39.7,24.8,12.6,25.4, + 13,1757.0, - 17,0
110/01/21,109 台北一,LB12 小白菜 土白菜 未洗,45.0,24.1,5.4,24.6, -  7,6512.0, +  2,0
110/01/21,540 南投市,LB1 小白菜 土白菜 ,35.0,22.0,10.0,21.26, - 16,187.0, +  9,0
110/01/21,648 西螺鎮,LB12 小白菜 土白菜 未洗,40.0,28.6,17.5,28.6, - 14,10093.0, -  3,0
110/01/21,830 鳳山區,LB1 小白菜 土白菜 ,25.5,17.2,7.2,16.9, - 21,2107.0, + 23,0
110/01/21,514 溪湖鎮,LB1 小白菜 土白菜 ,39.8,28.0,17.6,28.3,    0,410.0, -  2,0
110/01/21,800 高雄市,LB11 小白菜 土白菜 洗,56.0,46.9,35.1,46.4, +  9,2660.0, -  7,0
110/01/21,338 桃　農,LB1 小白菜 土白菜 ,18.0,16.9,13.0,16.3, + 42,139.0, - 60,0
110/01/21,900 屏東市,LB1 小白菜 土白菜 ,24.1,16.6,7.7,16.3, -  2,735.0, - 64,0
110/01/21,930 台東市,LB1 小白菜 土白菜 ,60.0,35.0,20.0,39.0, -  3,638.0, -  5,0
110/01/21,260 宜蘭市,LB1 小白菜 土白菜 ,35.0,20.0,14.0,20.0,  -  ,2040.0,  -  ,0
110/01/21,220 板橋區,LB1 小白菜 土白菜 ,55.0,37.3,19.1,37.2, + 38,2470.5, +  4,0
110/01/21,241 三重區,LB1 小白菜 土白菜 ,33.3,22.3,5.0,21.0, + 30,798.0, -  8,0
110/01/21,400 台中市,LB1 小白菜 土白菜 ,25.0,15.8,3.0,13.4, + 23,660.0, - 50,0
110/01/22,800 高雄市,LB11 小白菜 土白菜 洗,51.1,40.8,15.1,37.7, - 19,3648.0, + 37,0
110/01/22,540 南投市,LB1 小白菜 土白菜 ,20.0,19.0,2.0,18.85, - 11,207.0, + 11,0
110/01/22,930 台東市,LB1 小白菜 土白菜 ,60.0,35.0,20.0,36.0, -  8,683.0, +  7,0
110/01/22,109 台北一,LB12 小白菜 土白菜 未洗,42.1,19.3,5.1,21.0, - 15,6343.0, -  3,0
110/01/22,830 鳳山區,LB1 小白菜 土白菜 ,26.4,19.0,14.1,19.5, + 15,1680.0, - 20,0
110/01/22,241 三重區,LB1 小白菜 土白菜 ,31.9,21.0,11.2,21.2, +  1,525.0, - 34,0
110/01/22,104 台北二,LB12 小白菜 土白菜 未洗,35.7,21.0,9.3,21.6, - 15,2662.0, + 52,0
110/01/22,338 桃　農,LB1 小白菜 土白菜 ,18.0,13.8,9.6,13.8, - 15,480.0, +245,0
110/01/22,420 豐原區,LB1 小白菜 土白菜 ,22.0,20.7,20.0,20.8,  -  ,90.0,  -  ,0
110/01/22,648 西螺鎮,LB12 小白菜 土白菜 未洗,35.7,25.6,17.5,26.5, -  7,10697.0, +  6,0
110/01/22,260 宜蘭市,LB1 小白菜 土白菜 ,22.0,15.0,10.0,15.0, - 25,2250.0, + 10,0
110/01/22,514 溪湖鎮,LB1 小白菜 土白菜 ,37.0,25.7,17.5,26.3, -  7,380.0, -  7,0
110/01/22,900 屏東市,LB1 小白菜 土白菜 ,26.2,15.7,7.3,15.7, -  4,1945.0, +165,0
110/01/22,220 板橋區,LB1 小白菜 土白菜 ,60.0,25.9,14.9,30.5, - 18,1882.0, - 24,0
110/01/22,400 台中市,LB1 小白菜 土白菜 ,17.7,13.1,4.7,12.8, -  4,640.0, -  3,0
110/01/23,104 台北二,LB12 小白菜 土白菜 未洗,30.8,17.4,8.2,18.3, - 15,3343.0, + 26,0
110/01/23,109 台北一,LB12 小白菜 土白菜 未洗,38.2,15.1,4.8,17.6, - 16,8435.0, + 33,0
110/01/23,400 台中市,LB1 小白菜 土白菜 ,18.8,8.9,5.0,9.0, - 30,1240.0, + 94,0
110/01/23,900 屏東市,LB1 小白菜 土白菜 ,20.4,13.2,4.9,13.0, - 17,1983.0, +  2,0
110/01/23,420 豐原區,LB1 小白菜 土白菜 ,15.0,15.0,15.0,15.0, - 28,300.0, +233,0
110/01/23,800 高雄市,LB11 小白菜 土白菜 洗,48.0,33.6,8.9,31.5, - 16,3076.0, - 16,0
110/01/23,930 台東市,LB1 小白菜 土白菜 ,60.0,35.0,20.0,35.0, -  3,700.0, +  2,0
110/01/23,830 鳳山區,LB1 小白菜 土白菜 ,21.3,17.5,13.7,17.5, - 10,1910.0, + 14,0
110/01/23,648 西螺鎮,LB12 小白菜 土白菜 未洗,32.3,23.7,15.0,23.8, - 10,11022.0, +  3,0
110/01/23,514 溪湖鎮,LB1 小白菜 土白菜 ,34.5,25.8,17.5,25.9, -  2,380.0,    0,0
110/01/23,220 板橋區,LB1 小白菜 土白菜 ,35.4,26.0,10.1,24.7, - 19,2021.5, +  7,0
110/01/23,338 桃　農,LB1 小白菜 土白菜 ,21.1,6.9,3.0,9.0, - 35,480.0,    0,0
110/01/23,540 南投市,LB1 小白菜 土白菜 ,40.0,14.0,5.0,13.86, - 26,199.0, -  4,0
110/01/23,241 三重區,LB1 小白菜 土白菜 ,32.3,14.5,5.0,16.2, - 24,1140.0, +117,0
110/01/24,830 鳳山區,LB1 小白菜 土白菜 ,22.3,15.1,11.7,15.8, - 10,1910.0,    0,0
110/01/24,540 南投市,LB1 小白菜 土白菜 ,40.0,17.0,5.0,16.49, + 19,234.0, + 18,0
110/01/24,220 板橋區,LB1 小白菜 土白菜 ,21.1,17.9,10.6,17.1, - 31,1816.5, - 10,0
110/01/24,930 台東市,LB1 小白菜 土白菜 ,60.0,35.0,20.0,35.0,    0,651.0, -  7,0
110/01/24,109 台北一,LB12 小白菜 土白菜 未洗,34.5,20.8,6.3,20.7, + 18,5601.0, - 34,0
110/01/24,420 豐原區,LB1 小白菜 土白菜 ,12.0,11.0,10.0,11.0, - 27,40.0, - 87,0
110/01/24,104 台北二,LB12 小白菜 土白菜 未洗,29.7,15.9,7.8,17.0, -  7,3032.0, -  9,0
110/01/24,338 桃　農,LB1 小白菜 土白菜 ,18.5,10.3,6.5,11.2, + 24,400.0, - 17,0
110/01/24,400 台中市,LB1 小白菜 土白菜 ,21.2,13.7,9.0,13.0, + 44,1289.0, +  4,0
110/01/24,800 高雄市,LB11 小白菜 土白菜 洗,44.3,31.6,8.9,29.6, -  6,3236.0, +  5,0
110/01/24,514 溪湖鎮,LB1 小白菜 土白菜 ,32.4,23.1,15.0,23.3, - 10,380.0,    0,0
110/01/24,241 三重區,LB1 小白菜 土白菜 ,20.0,14.2,10.8,14.6, - 10,645.0, - 43,0
110/01/24,900 屏東市,LB1 小白菜 土白菜 ,19.8,11.7,2.1,11.4, - 12,2563.0, + 29,0
110/01/25,648 西螺鎮,LB12 小白菜 土白菜 未洗,27.4,21.7,12.5,21.2, - 11,12397.0, + 12,0
110/01/25,514 溪湖鎮,LB1 小白菜 土白菜 ,32.5,23.0,15.2,23.4, +  0,380.0,    0,0
110/01/26,400 台中市,LB1 小白菜 土白菜 ,19.0,12.2,6.8,11.3, - 13,1520.0, + 18,0
110/01/26,514 溪湖鎮,LB1 小白菜 土白菜 ,30.0,22.5,15.0,22.5, -  4,390.0, +  3,0
110/01/26,241 三重區,LB1 小白菜 土白菜 ,32.6,17.8,12.9,19.8, + 36,795.0, + 23,0
110/01/26,540 南投市,LB1 小白菜 土白菜 ,35.0,11.0,1.0,10.17, - 38,199.0, - 15,0
110/01/26,109 台北一,LB12 小白菜 土白菜 未洗,32.4,10.6,5.0,13.9, - 33,10977.0, + 96,0
110/01/26,648 西螺鎮,LB12 小白菜 土白菜 未洗,21.3,17.2,10.0,17.3, - 18,12105.0, -  2,0
110/01/26,930 台東市,LB1 小白菜 土白菜 ,60.0,30.0,17.0,30.0, - 14,1030.0, + 58,0
110/01/26,800 高雄市,LB11 小白菜 土白菜 洗,39.4,24.5,5.9,23.8, - 20,4450.0, + 38,0
110/01/26,900 屏東市,LB1 小白菜 土白菜 ,12.1,5.6,2.1,5.6, - 51,4744.0, + 85,0
110/01/26,220 板橋區,LB1 小白菜 土白菜 ,49.5,17.9,9.4,22.6, + 32,3005.1, + 65,0
110/01/26,830 鳳山區,LB1 小白菜 土白菜 ,13.4,10.5,9.0,10.8, - 32,2700.0, + 41,0
110/01/26,104 台北二,LB12 小白菜 土白菜 未洗,20.7,10.5,5.1,11.4, - 33,5497.0, + 81,0
110/01/26,338 桃　農,LB1 小白菜 土白菜 ,17.9,10.4,5.5,10.9, -  3,415.0, +  4,0
110/01/26,420 豐原區,LB1 小白菜 土白菜 ,15.0,13.0,12.0,13.21, + 20,150.0, +275,0
110/01/27,514 溪湖鎮,LB1 小白菜 土白菜 ,27.5,20.4,12.5,20.2, - 10,380.0, -  3,0
110/01/27,420 豐原區,LB1 小白菜 土白菜 ,10.0,9.1,5.0,8.49, - 36,430.0, +187,0
110/01/27,104 台北二,LB12 小白菜 土白菜 未洗,17.3,7.6,3.0,8.6, - 25,4745.0, - 14,0
110/01/27,830 鳳山區,LB1 小白菜 土白菜 ,13.1,10.4,9.0,10.7, -  1,2560.0, -  5,0
110/01/27,338 桃　農,LB1 小白菜 土白菜 ,10.0,6.9,5.0,7.1, - 35,300.0, - 28,0
110/01/27,648 西螺鎮,LB12 小白菜 土白菜 未洗,20.0,17.0,10.0,16.3, -  6,12918.0, +  7,0
110/01/27,241 三重區,LB1 小白菜 土白菜 ,26.6,9.2,5.0,11.8, - 40,1015.0, + 28,0
110/01/27,900 屏東市,LB1 小白菜 土白菜 ,13.2,6.6,3.5,6.6, + 18,3633.0, - 23,0
110/01/27,540 南投市,LB1 小白菜 土白菜 ,20.0,9.0,1.0,8.6, - 15,130.0, - 35,0
110/01/27,800 高雄市,LB11 小白菜 土白菜 洗,36.0,24.9,5.2,23.2, -  3,3646.0, - 18,0
110/01/27,220 板橋區,LB1 小白菜 土白菜 ,55.1,27.7,8.9,29.4, + 30,3155.0, +  5,0
110/01/27,109 台北一,LB12 小白菜 土白菜 未洗,25.6,8.9,4.0,11.3, - 19,8421.0, - 23,0
110/01/27,400 台中市,LB1 小白菜 土白菜 ,11.4,6.7,3.4,7.2, - 36,1400.0, -  8,0
110/01/27,930 台東市,LB1 小白菜 土白菜 ,60.0,30.0,20.0,30.0,    0,881.0, - 14,0
110/01/28,241 三重區,LB1 小白菜 土白菜 ,14.4,5.8,3.0,7.0, - 41,1265.0, + 25,0
110/01/28,830 鳳山區,LB1 小白菜 土白菜 ,14.0,11.2,8.2,11.2, +  5,2500.0, -  2,0
110/01/28,800 高雄市,LB11 小白菜 土白菜 洗,33.0,29.2,8.6,25.8, + 11,4900.0, + 34,0
110/01/28,420 豐原區,LB1 小白菜 土白菜 ,5.0,5.0,5.0,5.0, - 41,100.0, - 77,0
110/01/28,400 台中市,LB1 小白菜 土白菜 ,6.8,4.1,2.6,4.2, - 42,1494.0, +  7,0
110/01/28,109 台北一,LB12 小白菜 土白菜 未洗,22.2,6.8,4.0,9.3, - 18,9124.0, +  8,0
110/01/28,648 西螺鎮,LB12 小白菜 土白菜 未洗,17.5,14.3,7.5,13.7, - 16,11653.0, - 10,0
110/01/28,338 桃　農,LB1 小白菜 土白菜 ,12.0,6.2,4.0,6.9, -  3,200.0, - 33,0
110/01/28,104 台北二,LB12 小白菜 土白菜 未洗,14.9,5.9,3.2,7.1, - 17,3632.0, - 23,0
110/01/28,514 溪湖鎮,LB1 小白菜 土白菜 ,21.3,16.0,10.0,15.9, - 21,380.0,    0,0
110/01/28,220 板橋區,LB1 小白菜 土白菜 ,14.2,12.6,3.8,11.2, - 62,2122.0, - 33,0
110/01/28,900 屏東市,LB1 小白菜 土白菜 ,11.2,5.2,2.1,5.2, - 21,2784.0, - 23,0
110/01/28,930 台東市,LB1 小白菜 土白菜 ,60.0,30.0,20.0,30.0,    0,671.0, - 24,0
110/01/28,540 南投市,LB1 小白菜 土白菜 ,35.0,15.0,5.0,14.66, + 70,154.0, + 18,0
110/01/29,648 西螺鎮,LB12 小白菜 土白菜 未洗,15.0,11.5,7.5,11.4, - 17,14932.0, + 28,0
110/01/29,104 台北二,LB12 小白菜 土白菜 未洗,16.0,9.1,4.9,9.6, + 35,2052.0, - 44,0
110/01/29,900 屏東市,LB1 小白菜 土白菜 ,14.2,7.0,3.0,7.0, + 35,1549.0, - 44,0
110/01/29,930 台東市,LB1 小白菜 土白菜 ,60.0,30.0,20.0,30.0,    0,737.0, + 10,0
110/01/29,109 台北一,LB12 小白菜 土白菜 未洗,19.0,11.3,4.7,11.5, + 24,5518.0, - 40,0
110/01/29,338 桃　農,LB1 小白菜 土白菜 ,16.0,11.8,5.0,11.3, + 64,280.0, + 40,0
110/01/29,220 板橋區,LB1 小白菜 土白菜 ,55.0,10.2,7.5,18.6, + 66,1964.0, -  7,0
110/01/29,241 三重區,LB1 小白菜 土白菜 ,11.5,6.2,3.8,6.8, -  3,670.0, - 47,0
110/01/29,800 高雄市,LB11 小白菜 土白菜 洗,33.0,25.2,5.1,22.7, - 12,4773.0, -  3,0
110/01/29,514 溪湖鎮,LB1 小白菜 土白菜 ,19.8,16.3,10.1,15.7, -  1,420.0, + 11,0
110/01/29,400 台中市,LB1 小白菜 土白菜 ,10.7,5.8,3.0,6.5, + 55,620.0, - 59,0
110/01/30,930 台東市,LB1 小白菜 土白菜 ,60.0,30.0,20.0,30.0,    0,620.0, - 16,0
110/01/30,900 屏東市,LB1 小白菜 土白菜 ,20.0,12.0,5.7,12.0, + 71,743.0, - 52,0
110/01/30,830 鳳山區,LB1 小白菜 土白菜 ,20.0,13.7,7.4,13.7, + 22,1960.0, - 22,0
110/01/30,540 南投市,LB1 小白菜 土白菜 ,35.0,9.0,2.0,8.47,  -  ,118.0,  -  ,0
110/01/30,800 高雄市,LB11 小白菜 土白菜 洗,31.0,23.7,20.2,24.5, +  8,5550.0, + 16,0
110/01/30,109 台北一,LB12 小白菜 土白菜 未洗,14.0,9.3,4.6,9.3, - 19,4746.0, - 14,0
110/01/30,420 豐原區,LB1 小白菜 土白菜 ,6.5,4.6,4.0,4.88,  -  ,820.0,  -  ,0
110/01/30,514 溪湖鎮,LB1 小白菜 土白菜 ,20.0,16.1,10.0,15.7,    0,468.0, + 11,0
110/01/30,220 板橋區,LB1 小白菜 土白菜 ,12.8,10.8,5.2,10.1, - 46,1713.5, - 13,0
110/01/30,104 台北二,LB12 小白菜 土白菜 未洗,16.0,9.8,5.0,10.1, +  5,1909.0, -  7,0
110/01/30,338 桃　農,LB1 小白菜 土白菜 ,12.0,7.3,3.0,7.4, - 35,380.0, + 36,0
110/01/30,400 台中市,LB1 小白菜 土白菜 ,10.0,6.0,4.0,7.4, + 14,320.0, - 48,0
110/01/30,241 三重區,LB1 小白菜 土白菜 ,15.0,7.6,5.0,8.6, + 26,385.0, - 43,0
110/01/30,648 西螺鎮,LB12 小白菜 土白菜 未洗,15.1,11.7,7.5,11.6, +  2,14050.0, -  6,0
110/01/31,514 溪湖鎮,LB1 小白菜 土白菜 ,15.0,11.7,7.5,11.5, - 27,633.0, + 35,0
110/01/31,540 南投市,LB1 小白菜 土白菜 ,12.0,9.0,3.0,8.18, -  3,117.0, -  1,0
110/01/31,109 台北一,LB12 小白菜 土白菜 未洗,13.0,10.4,5.2,9.9, +  6,5691.0, + 20,0
110/01/31,800 高雄市,LB11 小白菜 土白菜 洗,33.0,28.0,14.8,26.3, +  7,4170.0, - 25,0
110/01/31,241 三重區,LB1 小白菜 土白菜 ,14.5,7.9,3.6,8.4, -  2,592.0, + 54,0
110/01/31,104 台北二,LB12 小白菜 土白菜 未洗,17.0,9.9,5.1,10.3, +  2,2281.0, + 19,0
110/01/31,900 屏東市,LB1 小白菜 土白菜 ,19.9,11.4,6.6,11.4, -  5,923.0, + 24,0
110/01/31,400 台中市,LB1 小白菜 土白菜 ,11.0,8.0,5.0,8.0, +  8,420.0, + 31,0
110/01/31,830 鳳山區,LB1 小白菜 土白菜 ,19.4,13.6,10.6,14.1, +  3,1300.0, - 34,0
110/01/31,220 板橋區,LB1 小白菜 土白菜 ,13.5,10.6,9.8,11.0, +  9,1233.0, - 28,0
110/01/31,930 台東市,LB1 小白菜 土白菜 ,60.0,30.0,18.0,30.0,    0,730.0, + 18,0
110/01/31,420 豐原區,LB1 小白菜 土白菜 ,5.0,5.0,5.0,5.0, +  2,20.0, - 98,0
110/01/31,338 桃　農,LB1 小白菜 土白菜 ,19.0,7.7,5.6,9.5, + 28,260.0, - 32,0
